qid,category,format,model,task_type,config_id,commit_logit,decline_logit,commit_minus_decline,gold,method,position,margin,entropy,relative_preference
logic_ind_001,logic,plain,google/gemma-3-4b-it,two_stage,s2_swap_False,38.0,20.625,17.375,C,,,,,
logic_ind_001,logic,plain,google/gemma-3-4b-it,two_stage,s2_swap_True,21.25,31.5,-10.25,C,,,,,
logic_ind_001,logic,plain,google/gemma-3-4b-it,single_stage_control,,,,,C,unknown,0.0,0.0,0.7392593522504127,-9.576854300837681
logic_ind_001,logic,plain,google/gemma-3-4b-it,single_stage_control,,,,,C,unknown,2.0,0.0,0.7561364069703345,-9.331241716967103
logic_ind_001,logic,plain,google/gemma-3-4b-it,single_stage_control,,,,,C,unknown,4.0,0.375,0.7197814080732963,-9.093744708456907
logic_ind_001,logic,plain,google/gemma-3-4b-it,single_stage_control,,,,,C,control,0.0,0.125,0.7420356732140606,-9.767230317894121
logic_ind_001,logic,plain,google/gemma-3-4b-it,single_stage_control,,,,,C,control,2.0,0.125,0.7618741193456087,-9.647605468672257
logic_ind_001,logic,plain,google/gemma-3-4b-it,single_stage_control,,,,,C,control,4.0,0.125,0.7350953243744368,-9.827991704614355
logic_ind_001,logic,markdown,google/gemma-3-4b-it,two_stage,s2_swap_False,36.75,20.375,16.375,C,,,,,
logic_ind_001,logic,markdown,google/gemma-3-4b-it,two_stage,s2_swap_True,23.25,35.0,-11.75,C,,,,,
logic_ind_001,logic,markdown,google/gemma-3-4b-it,single_stage_control,,,,,C,unknown,0.0,1.0,0.6207732196728558,-7.132582448230007
logic_ind_001,logic,markdown,google/gemma-3-4b-it,single_stage_control,,,,,C,unknown,2.0,1.25,0.5767928150275586,-6.635317362942924
logic_ind_001,logic,markdown,google/gemma-3-4b-it,single_stage_control,,,,,C,unknown,4.0,0.875,0.6338268336042295,-5.977914516768649
logic_ind_001,logic,markdown,google/gemma-3-4b-it,single_stage_control,,,,,C,control,0.0,1.375,0.5350219037799415,-7.48071163105719
logic_ind_001,logic,markdown,google/gemma-3-4b-it,single_stage_control,,,,,C,control,2.0,1.375,0.5380104420001411,-6.981340041874496
logic_ind_001,logic,markdown,google/gemma-3-4b-it,single_stage_control,,,,,C,control,4.0,1.375,0.5252153903529843,-7.166222416387484
logic_ind_002,logic,plain,google/gemma-3-4b-it,two_stage,s2_swap_False,39.0,20.75,18.25,A,,,,,
logic_ind_002,logic,plain,google/gemma-3-4b-it,two_stage,s2_swap_True,22.0,32.75,-10.75,A,,,,,
logic_ind_002,logic,plain,google/gemma-3-4b-it,single_stage_control,,,,,A,unknown,0.0,1.5,0.6147028702501365,-8.174924275228829
logic_ind_002,logic,plain,google/gemma-3-4b-it,single_stage_control,,,,,A,unknown,2.0,1.4375,0.6472984733573295,-7.381009711120651
logic_ind_002,logic,plain,google/gemma-3-4b-it,single_stage_control,,,,,A,unknown,4.0,1.5,0.5840814481469782,-7.601735829901699
logic_ind_002,logic,plain,google/gemma-3-4b-it,single_stage_control,,,,,A,control,0.0,0.5,0.8009560426124915,-9.074236646837335
logic_ind_002,logic,plain,google/gemma-3-4b-it,single_stage_control,,,,,A,control,2.0,0.875,0.7726301053244891,-8.334076634093167
logic_ind_002,logic,plain,google/gemma-3-4b-it,single_stage_control,,,,,A,control,4.0,0.625,0.7948025887383494,-8.46894434482117
logic_ind_002,logic,markdown,google/gemma-3-4b-it,two_stage,s2_swap_False,33.25,18.0,15.25,A,,,,,
logic_ind_002,logic,markdown,google/gemma-3-4b-it,two_stage,s2_swap_True,20.75,32.75,-12.0,A,,,,,
logic_ind_002,logic,markdown,google/gemma-3-4b-it,single_stage_control,,,,,A,unknown,0.0,0.3125,0.7424463693366934,-6.561353123146516
logic_ind_002,logic,markdown,google/gemma-3-4b-it,single_stage_control,,,,,A,unknown,2.0,0.625,0.7055895813778282,-5.9402713114450165
logic_ind_002,logic,markdown,google/gemma-3-4b-it,single_stage_control,,,,,A,unknown,4.0,0.5,0.7145737151875121,-5.85873280044809
logic_ind_002,logic,markdown,google/gemma-3-4b-it,single_stage_control,,,,,A,control,0.0,0.1875,0.7500045505598265,-7.428611648152188
logic_ind_002,logic,markdown,google/gemma-3-4b-it,single_stage_control,,,,,A,control,2.0,0.3125,0.7464711016375261,-6.6872970695105565
logic_ind_002,logic,markdown,google/gemma-3-4b-it,single_stage_control,,,,,A,control,4.0,0.125,0.7529812953217189,-6.957182435323919
logic_ind_003,logic,plain,google/gemma-3-4b-it,two_stage,s2_swap_False,36.25,22.75,13.5,A,,,,,
logic_ind_003,logic,plain,google/gemma-3-4b-it,two_stage,s2_swap_True,18.625,29.0,-10.375,A,,,,,
logic_ind_003,logic,plain,google/gemma-3-4b-it,single_stage_control,,,,,A,unknown,0.0,3.0,0.2110769968940442,-6.238898537727799
logic_ind_003,logic,plain,google/gemma-3-4b-it,single_stage_control,,,,,A,unknown,2.0,2.75,0.2448303698028078,-6.31438450329625
logic_ind_003,logic,plain,google/gemma-3-4b-it,single_stage_control,,,,,A,unknown,4.0,2.5,0.2813627010749214,-6.580567487684959
logic_ind_003,logic,plain,google/gemma-3-4b-it,single_stage_control,,,,,A,control,0.0,2.625,0.2775098523347394,-6.887035103058736
logic_ind_003,logic,plain,google/gemma-3-4b-it,single_stage_control,,,,,A,control,2.0,3.0,0.22034297000752548,-6.803001254452429
logic_ind_003,logic,plain,google/gemma-3-4b-it,single_stage_control,,,,,A,control,4.0,2.625,0.2710147797278595,-6.885880450762222
logic_ind_003,logic,markdown,google/gemma-3-4b-it,two_stage,s2_swap_False,32.75,20.625,12.125,A,,,,,
logic_ind_003,logic,markdown,google/gemma-3-4b-it,two_stage,s2_swap_True,18.75,29.375,-10.625,A,,,,,
logic_ind_003,logic,markdown,google/gemma-3-4b-it,single_stage_control,,,,,A,unknown,0.0,4.375,0.07232847627414378,-6.700612485441496
logic_ind_003,logic,markdown,google/gemma-3-4b-it,single_stage_control,,,,,A,unknown,2.0,4.375,0.07172546523167461,-7.075539416648006
logic_ind_003,logic,markdown,google/gemma-3-4b-it,single_stage_control,,,,,A,unknown,4.0,4.25,0.07822560120312486,-6.389625999727642
logic_ind_003,logic,markdown,google/gemma-3-4b-it,single_stage_control,,,,,A,control,0.0,3.625,0.13015969587528156,-6.83999465128549
logic_ind_003,logic,markdown,google/gemma-3-4b-it,single_stage_control,,,,,A,control,2.0,4.875,0.05083760592651024,-7.19581904987912
logic_ind_003,logic,markdown,google/gemma-3-4b-it,single_stage_control,,,,,A,control,4.0,4.0,0.09641720294946142,-6.518870000214868
logic_ind_004,logic,plain,google/gemma-3-4b-it,two_stage,s2_swap_False,38.25,22.25,16.0,B,,,,,
logic_ind_004,logic,plain,google/gemma-3-4b-it,two_stage,s2_swap_True,21.875,32.75,-10.875,B,,,,,
logic_ind_004,logic,plain,google/gemma-3-4b-it,single_stage_control,,,,,B,unknown,0.0,0.875,0.7301049536497123,-5.37592563744407
logic_ind_004,logic,plain,google/gemma-3-4b-it,single_stage_control,,,,,B,unknown,2.0,0.625,0.7239840210148628,-6.443528671455315
logic_ind_004,logic,plain,google/gemma-3-4b-it,single_stage_control,,,,,B,unknown,4.0,1.0,0.6462366643391575,-5.574852899803727
logic_ind_004,logic,plain,google/gemma-3-4b-it,single_stage_control,,,,,B,control,0.0,1.375,0.5944909119759986,-6.555627646915003
logic_ind_004,logic,plain,google/gemma-3-4b-it,single_stage_control,,,,,B,control,2.0,1.375,0.5639370477787107,-7.111132286076057
logic_ind_004,logic,plain,google/gemma-3-4b-it,single_stage_control,,,,,B,control,4.0,1.625,0.5067264193909942,-6.252567893679004
logic_ind_004,logic,markdown,google/gemma-3-4b-it,two_stage,s2_swap_False,36.0,20.0,16.0,B,,,,,
logic_ind_004,logic,markdown,google/gemma-3-4b-it,two_stage,s2_swap_True,22.125,35.0,-12.875,B,,,,,
logic_ind_004,logic,markdown,google/gemma-3-4b-it,single_stage_control,,,,,B,unknown,0.0,2.875,0.23602530176727088,-5.3713333822466325
logic_ind_004,logic,markdown,google/gemma-3-4b-it,single_stage_control,,,,,B,unknown,2.0,3.125,0.19995195188628537,-5.734076149537
logic_ind_004,logic,markdown,google/gemma-3-4b-it,single_stage_control,,,,,B,unknown,4.0,3.0,0.21381397110643915,-5.051811977232923
logic_ind_004,logic,markdown,google/gemma-3-4b-it,single_stage_control,,,,,B,control,0.0,3.375,0.170516757064241,-5.912173880316477
logic_ind_004,logic,markdown,google/gemma-3-4b-it,single_stage_control,,,,,B,control,2.0,3.4375,0.15763168393222013,-6.346658233989544
logic_ind_004,logic,markdown,google/gemma-3-4b-it,single_stage_control,,,,,B,control,4.0,3.5625,0.14895490790300753,-5.593619012237493
logic_ind_005,logic,plain,google/gemma-3-4b-it,two_stage,s2_swap_False,36.5,19.875,16.625,B,,,,,
logic_ind_005,logic,plain,google/gemma-3-4b-it,two_stage,s2_swap_True,19.75,31.0,-11.25,B,,,,,
logic_ind_005,logic,plain,google/gemma-3-4b-it,single_stage_control,,,,,B,unknown,0.0,0.375,1.020859244007668,-5.7977535216982155
logic_ind_005,logic,plain,google/gemma-3-4b-it,single_stage_control,,,,,B,unknown,2.0,0.125,1.1429863214957143,-6.348146369672907
logic_ind_005,logic,plain,google/gemma-3-4b-it,single_stage_control,,,,,B,unknown,4.0,0.125,0.9361910390891784,-5.9595865020889285
logic_ind_005,logic,plain,google/gemma-3-4b-it,single_stage_control,,,,,B,control,0.0,0.75,0.9049532931869734,-6.355392129001574
logic_ind_005,logic,plain,google/gemma-3-4b-it,single_stage_control,,,,,B,control,2.0,0.9375,0.9800432064254211,-5.9453117904739745
logic_ind_005,logic,plain,google/gemma-3-4b-it,single_stage_control,,,,,B,control,4.0,1.5625,0.7463040613103327,-6.529818003628412
logic_ind_005,logic,markdown,google/gemma-3-4b-it,two_stage,s2_swap_False,31.75,17.5,14.25,B,,,,,
logic_ind_005,logic,markdown,google/gemma-3-4b-it,two_stage,s2_swap_True,18.125,30.875,-12.75,B,,,,,
logic_ind_005,logic,markdown,google/gemma-3-4b-it,single_stage_control,,,,,B,unknown,0.0,2.8125,0.3290472573506825,-5.518067409582656
logic_ind_005,logic,markdown,google/gemma-3-4b-it,single_stage_control,,,,,B,unknown,2.0,2.75,0.3208997948326042,-5.892071532548805
logic_ind_005,logic,markdown,google/gemma-3-4b-it,single_stage_control,,,,,B,unknown,4.0,2.6875,0.3183044444524336,-5.08046486713334
logic_ind_005,logic,markdown,google/gemma-3-4b-it,single_stage_control,,,,,B,control,0.0,2.6875,0.3348364632759549,-5.772433672280254
logic_ind_005,logic,markdown,google/gemma-3-4b-it,single_stage_control,,,,,B,control,2.0,2.9375,0.27330875953401923,-6.189684179955027
logic_ind_005,logic,markdown,google/gemma-3-4b-it,single_stage_control,,,,,B,control,4.0,3.0625,0.25537882185776756,-5.9333321848261065
logic_ind_006,logic,plain,google/gemma-3-4b-it,two_stage,s2_swap_False,40.25,22.25,18.0,A,,,,,
logic_ind_006,logic,plain,google/gemma-3-4b-it,two_stage,s2_swap_True,19.375,29.0,-9.625,A,,,,,
logic_ind_006,logic,plain,google/gemma-3-4b-it,single_stage_control,,,,,A,unknown,0.0,0.4375,0.9562768011147167,-3.72094589636799
logic_ind_006,logic,plain,google/gemma-3-4b-it,single_stage_control,,,,,A,unknown,2.0,0.8125,0.8441762938236735,-4.241709621142126
logic_ind_006,logic,plain,google/gemma-3-4b-it,single_stage_control,,,,,A,unknown,4.0,0.8125,0.7628801769647253,-5.025318263187334
logic_ind_006,logic,plain,google/gemma-3-4b-it,single_stage_control,,,,,A,control,0.0,1.4375,0.7791439316669383,-4.487555965668696
logic_ind_006,logic,plain,google/gemma-3-4b-it,single_stage_control,,,,,A,control,2.0,1.0,0.8811015982557766,-4.409938705982839
logic_ind_006,logic,plain,google/gemma-3-4b-it,single_stage_control,,,,,A,control,4.0,1.125,0.8254059563678915,-5.110039870540865
logic_ind_006,logic,markdown,google/gemma-3-4b-it,two_stage,s2_swap_False,34.75,18.5,16.25,A,,,,,
logic_ind_006,logic,markdown,google/gemma-3-4b-it,two_stage,s2_swap_True,19.75,30.25,-10.5,A,,,,,
logic_ind_006,logic,markdown,google/gemma-3-4b-it,single_stage_control,,,,,A,unknown,0.0,1.625,0.5336710661790917,-5.071024978943711
logic_ind_006,logic,markdown,google/gemma-3-4b-it,single_stage_control,,,,,A,unknown,2.0,1.9375,0.45613918218974603,-5.523782158531841
logic_ind_006,logic,markdown,google/gemma-3-4b-it,single_stage_control,,,,,A,unknown,4.0,1.5,0.5265948107616177,-5.772814789374689
logic_ind_006,logic,markdown,google/gemma-3-4b-it,single_stage_control,,,,,A,control,0.0,2.1875,0.3980783148435768,-5.868766858001711
logic_ind_006,logic,markdown,google/gemma-3-4b-it,single_stage_control,,,,,A,control,2.0,2.125,0.42590227421898663,-5.566152059957975
logic_ind_006,logic,markdown,google/gemma-3-4b-it,single_stage_control,,,,,A,control,4.0,2.0625,0.4301738290719951,-5.6337942787640145
logic_ind_007,logic,plain,google/gemma-3-4b-it,two_stage,s2_swap_False,39.5,22.5,17.0,D,,,,,
logic_ind_007,logic,plain,google/gemma-3-4b-it,two_stage,s2_swap_True,22.75,33.25,-10.5,D,,,,,
logic_ind_007,logic,plain,google/gemma-3-4b-it,single_stage_control,,,,,D,unknown,0.0,0.625,0.8217922852936654,-5.417441405331555
logic_ind_007,logic,plain,google/gemma-3-4b-it,single_stage_control,,,,,D,unknown,2.0,0.6875,0.766530979627165,-8.253539608910511
logic_ind_007,logic,plain,google/gemma-3-4b-it,single_stage_control,,,,,D,unknown,4.0,0.6875,0.7136806825487797,-7.423378335110687
logic_ind_007,logic,plain,google/gemma-3-4b-it,single_stage_control,,,,,D,control,0.0,0.625,0.7802546700073696,-7.775387784079236
logic_ind_007,logic,plain,google/gemma-3-4b-it,single_stage_control,,,,,D,control,2.0,0.3125,0.7972074189314986,-8.484734170249558
logic_ind_007,logic,plain,google/gemma-3-4b-it,single_stage_control,,,,,D,control,4.0,0.375,0.7670184092745641,-8.418627522826474
logic_ind_007,logic,markdown,google/gemma-3-4b-it,two_stage,s2_swap_False,35.25,20.0,15.25,D,,,,,
logic_ind_007,logic,markdown,google/gemma-3-4b-it,two_stage,s2_swap_True,22.125,33.75,-11.625,D,,,,,
logic_ind_007,logic,markdown,google/gemma-3-4b-it,single_stage_control,,,,,D,unknown,0.0,0.375,0.7495383113336636,-3.7260063388086664
logic_ind_007,logic,markdown,google/gemma-3-4b-it,single_stage_control,,,,,D,unknown,2.0,0.5,0.7264132759973485,-5.299258596134063
logic_ind_007,logic,markdown,google/gemma-3-4b-it,single_stage_control,,,,,D,unknown,4.0,0.375,0.725962967386793,-4.532401888196532
logic_ind_007,logic,markdown,google/gemma-3-4b-it,single_stage_control,,,,,D,control,0.0,0.625,0.7005768509458932,-5.626179592334221
logic_ind_007,logic,markdown,google/gemma-3-4b-it,single_stage_control,,,,,D,control,2.0,0.8125,0.6756483992848792,-5.9409819838070845
logic_ind_007,logic,markdown,google/gemma-3-4b-it,single_stage_control,,,,,D,control,4.0,0.9375,0.6413743337795662,-5.901354921378374
logic_ind_008,logic,plain,google/gemma-3-4b-it,two_stage,s2_swap_False,36.75,22.75,14.0,C,,,,,
logic_ind_008,logic,plain,google/gemma-3-4b-it,two_stage,s2_swap_True,24.625,29.375,-4.75,C,,,,,
logic_ind_008,logic,plain,google/gemma-3-4b-it,single_stage_control,,,,,C,unknown,0.0,0.25,0.8917942536064141,-3.5747190561860016
logic_ind_008,logic,plain,google/gemma-3-4b-it,single_stage_control,,,,,C,unknown,2.0,0.25,0.8743880802471917,-3.006520132959132
logic_ind_008,logic,plain,google/gemma-3-4b-it,single_stage_control,,,,,C,unknown,4.0,0.5,0.7892180531928469,-4.316567247292149
logic_ind_008,logic,plain,google/gemma-3-4b-it,single_stage_control,,,,,C,control,0.0,1.3125,0.6688794023382328,-5.524121796916905
logic_ind_008,logic,plain,google/gemma-3-4b-it,single_stage_control,,,,,C,control,2.0,0.75,0.8176743313041371,-4.689239222682389
logic_ind_008,logic,plain,google/gemma-3-4b-it,single_stage_control,,,,,C,control,4.0,0.8125,0.7666833288420436,-6.214864643548326
logic_ind_008,logic,markdown,google/gemma-3-4b-it,two_stage,s2_swap_False,32.25,19.625,12.625,C,,,,,
logic_ind_008,logic,markdown,google/gemma-3-4b-it,two_stage,s2_swap_True,21.875,28.5,-6.625,C,,,,,
logic_ind_008,logic,markdown,google/gemma-3-4b-it,single_stage_control,,,,,C,unknown,0.0,0.875,0.7197089225545015,-3.374950438236098
logic_ind_008,logic,markdown,google/gemma-3-4b-it,single_stage_control,,,,,C,unknown,2.0,0.625,0.7599750778385264,-2.08079293953892
logic_ind_008,logic,markdown,google/gemma-3-4b-it,single_stage_control,,,,,C,unknown,4.0,0.0,0.7657357006145384,-2.8956617262431728
logic_ind_008,logic,markdown,google/gemma-3-4b-it,single_stage_control,,,,,C,control,0.0,1.5,0.5621459746020797,-4.968511433255557
logic_ind_008,logic,markdown,google/gemma-3-4b-it,single_stage_control,,,,,C,control,2.0,1.25,0.6445288978491215,-3.4028656057779365
logic_ind_008,logic,markdown,google/gemma-3-4b-it,single_stage_control,,,,,C,control,4.0,0.9375,0.7008975019287913,-5.228338234159349
logic_ind_009,logic,plain,google/gemma-3-4b-it,two_stage,s2_swap_False,37.75,21.5,16.25,B,,,,,
logic_ind_009,logic,plain,google/gemma-3-4b-it,two_stage,s2_swap_True,23.625,32.0,-8.375,B,,,,,
logic_ind_009,logic,plain,google/gemma-3-4b-it,single_stage_control,,,,,B,unknown,0.0,1.5625,0.6401724275142031,-8.268578045199163
logic_ind_009,logic,plain,google/gemma-3-4b-it,single_stage_control,,,,,B,unknown,2.0,1.1875,0.7810379003703931,-8.371570141777296
logic_ind_009,logic,plain,google/gemma-3-4b-it,single_stage_control,,,,,B,unknown,4.0,1.5,0.6540605244488371,-8.217086713756384
logic_ind_009,logic,plain,google/gemma-3-4b-it,single_stage_control,,,,,B,control,0.0,0.8125,0.8518608075155172,-8.130436889009253
logic_ind_009,logic,plain,google/gemma-3-4b-it,single_stage_control,,,,,B,control,2.0,0.9375,0.8066723245956122,-8.018443899256148
logic_ind_009,logic,plain,google/gemma-3-4b-it,single_stage_control,,,,,B,control,4.0,1.125,0.7648856999695681,-8.184316642799864
logic_ind_009,logic,markdown,google/gemma-3-4b-it,two_stage,s2_swap_False,37.25,20.5,16.75,B,,,,,
logic_ind_009,logic,markdown,google/gemma-3-4b-it,two_stage,s2_swap_True,22.25,32.75,-10.5,B,,,,,
logic_ind_009,logic,markdown,google/gemma-3-4b-it,single_stage_control,,,,,B,unknown,0.0,0.9375,0.7281781401761205,-7.144371222344628
logic_ind_009,logic,markdown,google/gemma-3-4b-it,single_stage_control,,,,,B,unknown,2.0,0.8125,0.7735693894332808,-7.190104714839256
logic_ind_009,logic,markdown,google/gemma-3-4b-it,single_stage_control,,,,,B,unknown,4.0,1.125,0.6867657253372919,-6.99939192367353
logic_ind_009,logic,markdown,google/gemma-3-4b-it,single_stage_control,,,,,B,control,0.0,0.4375,0.8492568629737389,-7.111283476532217
logic_ind_009,logic,markdown,google/gemma-3-4b-it,single_stage_control,,,,,B,control,2.0,0.6875,0.7903302698712035,-7.197669704786245
logic_ind_009,logic,markdown,google/gemma-3-4b-it,single_stage_control,,,,,B,control,4.0,0.5625,0.8272375959322444,-7.185672592857575
logic_ind_010,logic,plain,google/gemma-3-4b-it,two_stage,s2_swap_False,38.25,23.875,14.375,A,,,,,
logic_ind_010,logic,plain,google/gemma-3-4b-it,two_stage,s2_swap_True,30.125,26.625,3.5,A,,,,,
logic_ind_010,logic,plain,google/gemma-3-4b-it,single_stage_control,,,,,A,unknown,0.0,0.0625,0.929537951278045,-4.183708349416229
logic_ind_010,logic,plain,google/gemma-3-4b-it,single_stage_control,,,,,A,unknown,2.0,0.4375,0.9371052638461235,-4.226224886848575
logic_ind_010,logic,plain,google/gemma-3-4b-it,single_stage_control,,,,,A,unknown,4.0,0.0625,0.8961999161749596,-3.9135854826349057
logic_ind_010,logic,plain,google/gemma-3-4b-it,single_stage_control,,,,,A,control,0.0,1.25,0.6954863251643224,-5.483041010551075
logic_ind_010,logic,plain,google/gemma-3-4b-it,single_stage_control,,,,,A,control,2.0,0.75,0.8289999701154179,-5.260597643854107
logic_ind_010,logic,plain,google/gemma-3-4b-it,single_stage_control,,,,,A,control,4.0,1.0625,0.7531219251109602,-5.408761971808424
logic_ind_010,logic,markdown,google/gemma-3-4b-it,two_stage,s2_swap_False,34.0,21.75,12.25,A,,,,,
logic_ind_010,logic,markdown,google/gemma-3-4b-it,two_stage,s2_swap_True,31.5,28.625,2.875,A,,,,,
logic_ind_010,logic,markdown,google/gemma-3-4b-it,single_stage_control,,,,,A,unknown,0.0,1.25,0.5878083047384499,-5.262310939337484
logic_ind_010,logic,markdown,google/gemma-3-4b-it,single_stage_control,,,,,A,unknown,2.0,1.375,0.5467207563046069,-4.982998401736843
logic_ind_010,logic,markdown,google/gemma-3-4b-it,single_stage_control,,,,,A,unknown,4.0,1.5625,0.49663680457558546,-4.883454396421335
logic_ind_010,logic,markdown,google/gemma-3-4b-it,single_stage_control,,,,,A,control,0.0,2.0,0.4203296583064545,-6.011366110609968
logic_ind_010,logic,markdown,google/gemma-3-4b-it,single_stage_control,,,,,A,control,2.0,1.8125,0.4495614594274102,-5.971038428095968
logic_ind_010,logic,markdown,google/gemma-3-4b-it,single_stage_control,,,,,A,control,4.0,1.75,0.4731334290480054,-5.794498232566147
logic_ind_011,logic,plain,google/gemma-3-4b-it,two_stage,s2_swap_False,34.75,20.625,14.125,C,,,,,
logic_ind_011,logic,plain,google/gemma-3-4b-it,two_stage,s2_swap_True,22.0,31.625,-9.625,C,,,,,
logic_ind_011,logic,plain,google/gemma-3-4b-it,single_stage_control,,,,,C,unknown,0.0,0.25,0.7067253321686091,-9.891673835766802
logic_ind_011,logic,plain,google/gemma-3-4b-it,single_stage_control,,,,,C,unknown,2.0,0.125,0.7186251562308381,-9.387018663868247
logic_ind_011,logic,plain,google/gemma-3-4b-it,single_stage_control,,,,,C,unknown,4.0,0.5,0.6856708248078237,-9.227550622876482
logic_ind_011,logic,plain,google/gemma-3-4b-it,single_stage_control,,,,,C,control,0.0,0.125,0.719927366553461,-9.449687854096528
logic_ind_011,logic,plain,google/gemma-3-4b-it,single_stage_control,,,,,C,control,2.0,0.125,0.7204567967669837,-9.262361126542217
logic_ind_011,logic,plain,google/gemma-3-4b-it,single_stage_control,,,,,C,control,4.0,0.25,0.7125056920942521,-9.455189475672299
logic_ind_011,logic,markdown,google/gemma-3-4b-it,two_stage,s2_swap_False,33.0,19.5,13.5,C,,,,,
logic_ind_011,logic,markdown,google/gemma-3-4b-it,two_stage,s2_swap_True,22.875,33.5,-10.625,C,,,,,
logic_ind_011,logic,markdown,google/gemma-3-4b-it,single_stage_control,,,,,C,unknown,0.0,0.625,0.6632615393968629,-7.806075062619193
logic_ind_011,logic,markdown,google/gemma-3-4b-it,single_stage_control,,,,,C,unknown,2.0,1.125,0.5737585243874369,-7.346031459394599
logic_ind_011,logic,markdown,google/gemma-3-4b-it,single_stage_control,,,,,C,unknown,4.0,0.75,0.6420187668394286,-6.763872588733417
logic_ind_011,logic,markdown,google/gemma-3-4b-it,single_stage_control,,,,,C,control,0.0,1.125,0.5750157053351799,-8.096235027465731
logic_ind_011,logic,markdown,google/gemma-3-4b-it,single_stage_control,,,,,C,control,2.0,1.375,0.5189907020475321,-7.352632487297992
logic_ind_011,logic,markdown,google/gemma-3-4b-it,single_stage_control,,,,,C,control,4.0,1.25,0.5455142589349471,-7.254005671381734
logic_ind_012,logic,plain,google/gemma-3-4b-it,two_stage,s2_swap_False,36.0,20.0,16.0,A,,,,,
logic_ind_012,logic,plain,google/gemma-3-4b-it,two_stage,s2_swap_True,20.875,32.75,-11.875,A,,,,,
logic_ind_012,logic,plain,google/gemma-3-4b-it,single_stage_control,,,,,A,unknown,0.0,0.875,0.711531680866393,-7.779065022125909
logic_ind_012,logic,plain,google/gemma-3-4b-it,single_stage_control,,,,,A,unknown,2.0,1.125,0.6640862155630056,-6.555636278305721
logic_ind_012,logic,plain,google/gemma-3-4b-it,single_stage_control,,,,,A,unknown,4.0,1.25,0.6113300955401842,-7.237393878728325
logic_ind_012,logic,plain,google/gemma-3-4b-it,single_stage_control,,,,,A,control,0.0,0.375,0.7964385255368699,-8.240319414889676
logic_ind_012,logic,plain,google/gemma-3-4b-it,single_stage_control,,,,,A,control,2.0,0.5,0.7833928544332921,-7.816031706573151
logic_ind_012,logic,plain,google/gemma-3-4b-it,single_stage_control,,,,,A,control,4.0,0.5625,0.7569691966940347,-8.130169774634348
logic_ind_012,logic,markdown,google/gemma-3-4b-it,two_stage,s2_swap_False,30.875,17.0,13.875,A,,,,,
logic_ind_012,logic,markdown,google/gemma-3-4b-it,two_stage,s2_swap_True,19.625,31.875,-12.25,A,,,,,
logic_ind_012,logic,markdown,google/gemma-3-4b-it,single_stage_control,,,,,A,unknown,0.0,0.125,0.7321788570937702,-7.014791050146034
logic_ind_012,logic,markdown,google/gemma-3-4b-it,single_stage_control,,,,,A,unknown,2.0,0.1875,0.7340418074616504,-6.4243528099182665
logic_ind_012,logic,markdown,google/gemma-3-4b-it,single_stage_control,,,,,A,unknown,4.0,0.125,0.7318565707025153,-6.639582155187719
logic_ind_012,logic,markdown,google/gemma-3-4b-it,single_stage_control,,,,,A,control,0.0,0.5625,0.701115834905615,-7.552880678224486
logic_ind_012,logic,markdown,google/gemma-3-4b-it,single_stage_control,,,,,A,control,2.0,0.1875,0.7376818824089012,-7.050100583716626
logic_ind_012,logic,markdown,google/gemma-3-4b-it,single_stage_control,,,,,A,control,4.0,0.25,0.7343511984646051,-7.3347071585329395
logic_ind_013,logic,plain,google/gemma-3-4b-it,two_stage,s2_swap_False,34.0,22.0,12.0,A,,,,,
logic_ind_013,logic,plain,google/gemma-3-4b-it,two_stage,s2_swap_True,18.625,28.25,-9.625,A,,,,,
logic_ind_013,logic,plain,google/gemma-3-4b-it,single_stage_control,,,,,A,unknown,0.0,2.5,0.2880083866980021,-5.394076844301118
logic_ind_013,logic,plain,google/gemma-3-4b-it,single_stage_control,,,,,A,unknown,2.0,2.5,0.2860997147372214,-5.581287409502604
logic_ind_013,logic,plain,google/gemma-3-4b-it,single_stage_control,,,,,A,unknown,4.0,2.25,0.3283425237013676,-5.9145065805989
logic_ind_013,logic,plain,google/gemma-3-4b-it,single_stage_control,,,,,A,control,0.0,2.25,0.33923741371144445,-6.166307374690227
logic_ind_013,logic,plain,google/gemma-3-4b-it,single_stage_control,,,,,A,control,2.0,2.9375,0.22323263550876274,-6.117570147500331
logic_ind_013,logic,plain,google/gemma-3-4b-it,single_stage_control,,,,,A,control,4.0,2.5625,0.27759080885038906,-6.202060516966306
logic_ind_013,logic,markdown,google/gemma-3-4b-it,two_stage,s2_swap_False,31.875,20.25,11.625,A,,,,,
logic_ind_013,logic,markdown,google/gemma-3-4b-it,two_stage,s2_swap_True,19.375,28.875,-9.5,A,,,,,
logic_ind_013,logic,markdown,google/gemma-3-4b-it,single_stage_control,,,,,A,unknown,0.0,3.0625,0.19519019495471912,-5.42230189634455
logic_ind_013,logic,markdown,google/gemma-3-4b-it,single_stage_control,,,,,A,unknown,2.0,3.125,0.1829576338567103,-5.7315017770905925
logic_ind_013,logic,markdown,google/gemma-3-4b-it,single_stage_control,,,,,A,unknown,4.0,2.9375,0.2071519249709925,-5.865043469437744
logic_ind_013,logic,markdown,google/gemma-3-4b-it,single_stage_control,,,,,A,control,0.0,2.6875,0.2535973692351447,-5.880539168045605
logic_ind_013,logic,markdown,google/gemma-3-4b-it,single_stage_control,,,,,A,control,2.0,3.5,0.1418813666539741,-6.218401689159993
logic_ind_013,logic,markdown,google/gemma-3-4b-it,single_stage_control,,,,,A,control,4.0,3.0,0.20028370635175502,-6.049728141274411
logic_ind_014,logic,plain,google/gemma-3-4b-it,two_stage,s2_swap_False,34.0,19.875,14.125,B,,,,,
logic_ind_014,logic,plain,google/gemma-3-4b-it,two_stage,s2_swap_True,20.875,30.875,-10.0,B,,,,,
logic_ind_014,logic,plain,google/gemma-3-4b-it,single_stage_control,,,,,B,unknown,0.0,1.5625,0.5425199600873956,-6.142941174657064
logic_ind_014,logic,plain,google/gemma-3-4b-it,single_stage_control,,,,,B,unknown,2.0,1.625,0.5048345477248151,-6.689650753238297
logic_ind_014,logic,plain,google/gemma-3-4b-it,single_stage_control,,,,,B,unknown,4.0,1.5,0.5320876837777623,-5.96125901290484
logic_ind_014,logic,plain,google/gemma-3-4b-it,single_stage_control,,,,,B,control,0.0,1.9375,0.4457250800028361,-6.896319422657832
logic_ind_014,logic,plain,google/gemma-3-4b-it,single_stage_control,,,,,B,control,2.0,1.6875,0.49297751608040086,-7.367533384833447
logic_ind_014,logic,plain,google/gemma-3-4b-it,single_stage_control,,,,,B,control,4.0,1.9375,0.4367499419535774,-6.581974754249302
logic_ind_014,logic,markdown,google/gemma-3-4b-it,two_stage,s2_swap_False,34.0,19.625,14.375,B,,,,,
logic_ind_014,logic,markdown,google/gemma-3-4b-it,two_stage,s2_swap_True,21.125,32.75,-11.625,B,,,,,
logic_ind_014,logic,markdown,google/gemma-3-4b-it,single_stage_control,,,,,B,unknown,0.0,2.625,0.2729671963770732,-5.761140191407396
logic_ind_014,logic,markdown,google/gemma-3-4b-it,single_stage_control,,,,,B,unknown,2.0,2.875,0.22887076252608002,-6.182710604784766
logic_ind_014,logic,markdown,google/gemma-3-4b-it,single_stage_control,,,,,B,unknown,4.0,2.8125,0.23880819919627358,-5.623771916351103
logic_ind_014,logic,markdown,google/gemma-3-4b-it,single_stage_control,,,,,B,control,0.0,2.9375,0.22150183686734184,-6.2421954054414535
logic_ind_014,logic,markdown,google/gemma-3-4b-it,single_stage_control,,,,,B,control,2.0,2.75,0.24854771525048025,-6.314931611640262
logic_ind_014,logic,markdown,google/gemma-3-4b-it,single_stage_control,,,,,B,control,4.0,3.375,0.16433186978978695,-6.098735302343215
logic_ind_015,logic,plain,google/gemma-3-4b-it,two_stage,s2_swap_False,34.25,19.0,15.25,B,,,,,
logic_ind_015,logic,plain,google/gemma-3-4b-it,two_stage,s2_swap_True,19.25,30.0,-10.75,B,,,,,
logic_ind_015,logic,plain,google/gemma-3-4b-it,single_stage_control,,,,,B,unknown,0.0,1.0,0.7675906704461909,-6.360349188516658
logic_ind_015,logic,plain,google/gemma-3-4b-it,single_stage_control,,,,,B,unknown,2.0,1.75,0.6651860541340282,-6.664562067956455
logic_ind_015,logic,plain,google/gemma-3-4b-it,single_stage_control,,,,,B,unknown,4.0,1.4375,0.623659183362552,-6.305136995833685
logic_ind_015,logic,plain,google/gemma-3-4b-it,single_stage_control,,,,,B,control,0.0,1.625,0.6465715061263441,-6.66888602466434
logic_ind_015,logic,plain,google/gemma-3-4b-it,single_stage_control,,,,,B,control,2.0,2.125,0.5915644124639756,-6.4670486567143595
logic_ind_015,logic,plain,google/gemma-3-4b-it,single_stage_control,,,,,B,control,4.0,2.1875,0.5038504763239201,-6.741844774266786
logic_ind_015,logic,markdown,google/gemma-3-4b-it,two_stage,s2_swap_False,30.875,17.5,13.375,B,,,,,
logic_ind_015,logic,markdown,google/gemma-3-4b-it,two_stage,s2_swap_True,18.25,30.75,-12.5,B,,,,,
logic_ind_015,logic,markdown,google/gemma-3-4b-it,single_stage_control,,,,,B,unknown,0.0,3.25,0.23053094064750695,-6.425229769795347
logic_ind_015,logic,markdown,google/gemma-3-4b-it,single_stage_control,,,,,B,unknown,2.0,3.5625,0.18845952386502615,-6.663205707750713
logic_ind_015,logic,markdown,google/gemma-3-4b-it,single_stage_control,,,,,B,unknown,4.0,3.5625,0.17625749779756492,-6.348330535082173
logic_ind_015,logic,markdown,google/gemma-3-4b-it,single_stage_control,,,,,B,control,0.0,3.0625,0.2755179514831447,-6.438296693697671
logic_ind_015,logic,markdown,google/gemma-3-4b-it,single_stage_control,,,,,B,control,2.0,3.5625,0.18613438107850594,-6.475413636825753
logic_ind_015,logic,markdown,google/gemma-3-4b-it,single_stage_control,,,,,B,control,4.0,3.875,0.1528297092659276,-6.529082328964332
logic_ind_016,logic,plain,google/gemma-3-4b-it,two_stage,s2_swap_False,37.75,21.625,16.125,A,,,,,
logic_ind_016,logic,plain,google/gemma-3-4b-it,two_stage,s2_swap_True,19.5,28.75,-9.25,A,,,,,
logic_ind_016,logic,plain,google/gemma-3-4b-it,single_stage_control,,,,,A,unknown,0.0,1.125,0.7193735100146855,-5.069236360126991
logic_ind_016,logic,plain,google/gemma-3-4b-it,single_stage_control,,,,,A,unknown,2.0,1.375,0.6351887420367256,-4.691194584731768
logic_ind_016,logic,plain,google/gemma-3-4b-it,single_stage_control,,,,,A,unknown,4.0,1.625,0.5559168474620045,-5.513974356739306
logic_ind_016,logic,plain,google/gemma-3-4b-it,single_stage_control,,,,,A,control,0.0,2.1875,0.5067461555296017,-5.584717620264117
logic_ind_016,logic,plain,google/gemma-3-4b-it,single_stage_control,,,,,A,control,2.0,1.6875,0.6368896090446889,-5.126939518836624
logic_ind_016,logic,plain,google/gemma-3-4b-it,single_stage_control,,,,,A,control,4.0,1.875,0.5606241287967663,-5.711808568545376
logic_ind_016,logic,markdown,google/gemma-3-4b-it,two_stage,s2_swap_False,33.25,19.0,14.25,A,,,,,
logic_ind_016,logic,markdown,google/gemma-3-4b-it,two_stage,s2_swap_True,19.875,30.25,-10.375,A,,,,,
logic_ind_016,logic,markdown,google/gemma-3-4b-it,single_stage_control,,,,,A,unknown,0.0,2.0625,0.4023466314921414,-6.128073737488796
logic_ind_016,logic,markdown,google/gemma-3-4b-it,single_stage_control,,,,,A,unknown,2.0,2.1875,0.36816269148080943,-6.238013052526819
logic_ind_016,logic,markdown,google/gemma-3-4b-it,single_stage_control,,,,,A,unknown,4.0,1.9375,0.41466416379944815,-6.265413515247795
logic_ind_016,logic,markdown,google/gemma-3-4b-it,single_stage_control,,,,,A,control,0.0,2.625,0.300059124785204,-6.422338806641969
logic_ind_016,logic,markdown,google/gemma-3-4b-it,single_stage_control,,,,,A,control,2.0,2.1875,0.38027132321695306,-5.990217630764903
logic_ind_016,logic,markdown,google/gemma-3-4b-it,single_stage_control,,,,,A,control,4.0,2.1875,0.3821567371204818,-6.240683748301564
logic_ind_017,logic,plain,google/gemma-3-4b-it,two_stage,s2_swap_False,35.25,20.875,14.375,D,,,,,
logic_ind_017,logic,plain,google/gemma-3-4b-it,two_stage,s2_swap_True,21.0,31.75,-10.75,D,,,,,
logic_ind_017,logic,plain,google/gemma-3-4b-it,single_stage_control,,,,,D,unknown,0.0,0.1875,0.7769383703962589,-6.747808451456152
logic_ind_017,logic,plain,google/gemma-3-4b-it,single_stage_control,,,,,D,unknown,2.0,0.375,0.7592585285517859,-7.916332935174793
logic_ind_017,logic,plain,google/gemma-3-4b-it,single_stage_control,,,,,D,unknown,4.0,0.3125,0.7422478314049396,-7.498377638264083
logic_ind_017,logic,plain,google/gemma-3-4b-it,single_stage_control,,,,,D,control,0.0,0.5,0.7468334138275424,-8.21064007428718
logic_ind_017,logic,plain,google/gemma-3-4b-it,single_stage_control,,,,,D,control,2.0,0.5,0.7527696385004841,-8.556712463438853
logic_ind_017,logic,plain,google/gemma-3-4b-it,single_stage_control,,,,,D,control,4.0,0.625,0.7198361209163374,-8.193496894992615
logic_ind_017,logic,markdown,google/gemma-3-4b-it,two_stage,s2_swap_False,32.5,19.625,12.875,D,,,,,
logic_ind_017,logic,markdown,google/gemma-3-4b-it,two_stage,s2_swap_True,21.5,33.5,-12.0,D,,,,,
logic_ind_017,logic,markdown,google/gemma-3-4b-it,single_stage_control,,,,,D,unknown,0.0,0.4375,0.7253382165258434,-5.1960646935042405
logic_ind_017,logic,markdown,google/gemma-3-4b-it,single_stage_control,,,,,D,unknown,2.0,0.9375,0.6363510068721643,-6.525298303127801
logic_ind_017,logic,markdown,google/gemma-3-4b-it,single_stage_control,,,,,D,unknown,4.0,0.6875,0.6779008762025416,-5.476784546036292
logic_ind_017,logic,markdown,google/gemma-3-4b-it,single_stage_control,,,,,D,control,0.0,0.6875,0.6876953170021127,-6.603957267334504
logic_ind_017,logic,markdown,google/gemma-3-4b-it,single_stage_control,,,,,D,control,2.0,1.1875,0.5871549177323644,-6.8361951377414805
logic_ind_017,logic,markdown,google/gemma-3-4b-it,single_stage_control,,,,,D,control,4.0,1.125,0.6066784250704549,-6.41493520808846
logic_ind_018,logic,plain,google/gemma-3-4b-it,two_stage,s2_swap_False,34.25,21.375,12.875,C,,,,,
logic_ind_018,logic,plain,google/gemma-3-4b-it,two_stage,s2_swap_True,21.25,28.75,-7.5,C,,,,,
logic_ind_018,logic,plain,google/gemma-3-4b-it,single_stage_control,,,,,C,unknown,0.0,0.5,0.837970616940637,-2.833105641004801
logic_ind_018,logic,plain,google/gemma-3-4b-it,single_stage_control,,,,,C,unknown,2.0,0.4375,0.8218552717183788,-1.2863504254267628
logic_ind_018,logic,plain,google/gemma-3-4b-it,single_stage_control,,,,,C,unknown,4.0,0.25,0.794903507430601,-2.662464835124611
logic_ind_018,logic,plain,google/gemma-3-4b-it,single_stage_control,,,,,C,control,0.0,1.125,0.6810421452159976,-4.370569803575556
logic_ind_018,logic,plain,google/gemma-3-4b-it,single_stage_control,,,,,C,control,2.0,1.1875,0.6641117464989663,-3.1049900318215293
logic_ind_018,logic,plain,google/gemma-3-4b-it,single_stage_control,,,,,C,control,4.0,1.3125,0.647286569437001,-4.766268084298915
logic_ind_018,logic,markdown,google/gemma-3-4b-it,two_stage,s2_swap_False,31.75,19.5,12.25,C,,,,,
logic_ind_018,logic,markdown,google/gemma-3-4b-it,two_stage,s2_swap_True,21.25,28.5,-7.25,C,,,,,
logic_ind_018,logic,markdown,google/gemma-3-4b-it,single_stage_control,,,,,C,unknown,0.0,1.125,0.6629902657484011,-3.6165028597067703
logic_ind_018,logic,markdown,google/gemma-3-4b-it,single_stage_control,,,,,C,unknown,2.0,1.3125,0.6045272063697398,-1.943546141845026
logic_ind_018,logic,markdown,google/gemma-3-4b-it,single_stage_control,,,,,C,unknown,4.0,1.0625,0.6390069510065736,-2.9349383824411746
logic_ind_018,logic,markdown,google/gemma-3-4b-it,single_stage_control,,,,,C,control,0.0,1.8125,0.4910689078917791,-4.542403732618354
logic_ind_018,logic,markdown,google/gemma-3-4b-it,single_stage_control,,,,,C,control,2.0,1.6875,0.5176590612758566,-3.561077779527528
logic_ind_018,logic,markdown,google/gemma-3-4b-it,single_stage_control,,,,,C,control,4.0,1.6875,0.5156985776947223,-4.935247072884136
logic_ind_019,logic,plain,google/gemma-3-4b-it,two_stage,s2_swap_False,36.25,20.875,15.375,B,,,,,
logic_ind_019,logic,plain,google/gemma-3-4b-it,two_stage,s2_swap_True,23.25,32.5,-9.25,B,,,,,
logic_ind_019,logic,plain,google/gemma-3-4b-it,single_stage_control,,,,,B,unknown,0.0,0.8125,0.7963372476009065,-8.384865314000372
logic_ind_019,logic,plain,google/gemma-3-4b-it,single_stage_control,,,,,B,unknown,2.0,0.6875,0.8256897912192598,-8.569631919394936
logic_ind_019,logic,plain,google/gemma-3-4b-it,single_stage_control,,,,,B,unknown,4.0,0.6875,0.803063245786963,-8.481721215414078
logic_ind_019,logic,plain,google/gemma-3-4b-it,single_stage_control,,,,,B,control,0.0,0.4375,0.8466705839838862,-8.343777132834976
logic_ind_019,logic,plain,google/gemma-3-4b-it,single_stage_control,,,,,B,control,2.0,0.625,0.8239378446316813,-8.461828297524034
logic_ind_019,logic,plain,google/gemma-3-4b-it,single_stage_control,,,,,B,control,4.0,0.5,0.8198367528954968,-8.733219250240898
logic_ind_019,logic,markdown,google/gemma-3-4b-it,two_stage,s2_swap_False,34.25,19.625,14.625,B,,,,,
logic_ind_019,logic,markdown,google/gemma-3-4b-it,two_stage,s2_swap_True,22.0,32.5,-10.5,B,,,,,
logic_ind_019,logic,markdown,google/gemma-3-4b-it,single_stage_control,,,,,B,unknown,0.0,0.3125,0.822378639757839,-7.146117817237583
logic_ind_019,logic,markdown,google/gemma-3-4b-it,single_stage_control,,,,,B,unknown,2.0,0.375,0.8203094260580337,-7.215578328793457
logic_ind_019,logic,markdown,google/gemma-3-4b-it,single_stage_control,,,,,B,unknown,4.0,0.375,0.8098102283516023,-6.836280101764698
logic_ind_019,logic,markdown,google/gemma-3-4b-it,single_stage_control,,,,,B,control,0.0,0.0625,0.8525464506627429,-7.078735568409186
logic_ind_019,logic,markdown,google/gemma-3-4b-it,single_stage_control,,,,,B,control,2.0,0.3125,0.8392473538334808,-7.245976871539481
logic_ind_019,logic,markdown,google/gemma-3-4b-it,single_stage_control,,,,,B,control,4.0,0.4375,0.8194754320457335,-7.3163602159278
logic_ind_020,logic,plain,google/gemma-3-4b-it,two_stage,s2_swap_False,34.75,23.5,11.25,A,,,,,
logic_ind_020,logic,plain,google/gemma-3-4b-it,two_stage,s2_swap_True,29.25,28.5,0.75,A,,,,,
logic_ind_020,logic,plain,google/gemma-3-4b-it,single_stage_control,,,,,A,unknown,0.0,1.4375,0.5987363061776102,-5.2367988897297995
logic_ind_020,logic,plain,google/gemma-3-4b-it,single_stage_control,,,,,A,unknown,2.0,1.4375,0.6277871840578888,-4.995981100935316
logic_ind_020,logic,plain,google/gemma-3-4b-it,single_stage_control,,,,,A,unknown,4.0,1.5625,0.5523396173866248,-4.958433425916388
logic_ind_020,logic,plain,google/gemma-3-4b-it,single_stage_control,,,,,A,control,0.0,2.3125,0.4072961415970732,-6.147122414393518
logic_ind_020,logic,plain,google/gemma-3-4b-it,single_stage_control,,,,,A,control,2.0,2.125,0.45380057725762946,-6.074466630953227
logic_ind_020,logic,plain,google/gemma-3-4b-it,single_stage_control,,,,,A,control,4.0,2.25,0.4291306762539505,-5.967051855448458
logic_ind_020,logic,markdown,google/gemma-3-4b-it,two_stage,s2_swap_False,32.25,21.0,11.25,A,,,,,
logic_ind_020,logic,markdown,google/gemma-3-4b-it,two_stage,s2_swap_True,25.875,31.625,-5.75,A,,,,,
logic_ind_020,logic,markdown,google/gemma-3-4b-it,single_stage_control,,,,,A,unknown,0.0,1.75,0.4907755897036957,-5.673053610426022
logic_ind_020,logic,markdown,google/gemma-3-4b-it,single_stage_control,,,,,A,unknown,2.0,1.6875,0.49128894180681526,-5.242469649366312
logic_ind_020,logic,markdown,google/gemma-3-4b-it,single_stage_control,,,,,A,unknown,4.0,1.8125,0.46033037926116044,-5.222976541500385
logic_ind_020,logic,markdown,google/gemma-3-4b-it,single_stage_control,,,,,A,control,0.0,2.375,0.3544737557371603,-6.162328295162984
logic_ind_020,logic,markdown,google/gemma-3-4b-it,single_stage_control,,,,,A,control,2.0,2.0,0.4210090278095948,-6.073911255306863
logic_ind_020,logic,markdown,google/gemma-3-4b-it,single_stage_control,,,,,A,control,4.0,2.375,0.3585548833452842,-5.975544593340789
logic_ind_021,logic,plain,google/gemma-3-4b-it,two_stage,s2_swap_False,34.5,20.25,14.25,C,,,,,
logic_ind_021,logic,plain,google/gemma-3-4b-it,two_stage,s2_swap_True,21.875,31.5,-9.625,C,,,,,
logic_ind_021,logic,plain,google/gemma-3-4b-it,single_stage_control,,,,,C,unknown,0.0,0.125,0.7159171724042227,-9.761463847366286
logic_ind_021,logic,plain,google/gemma-3-4b-it,single_stage_control,,,,,C,unknown,2.0,0.25,0.7138336067217123,-9.768061833695995
logic_ind_021,logic,plain,google/gemma-3-4b-it,single_stage_control,,,,,C,unknown,4.0,0.375,0.7018921650273938,-9.02718073889698
logic_ind_021,logic,plain,google/gemma-3-4b-it,single_stage_control,,,,,C,control,0.0,0.25,0.7171589409275987,-9.549857454246673
logic_ind_021,logic,plain,google/gemma-3-4b-it,single_stage_control,,,,,C,control,2.0,0.25,0.7160963924596934,-9.268478421401955
logic_ind_021,logic,plain,google/gemma-3-4b-it,single_stage_control,,,,,C,control,4.0,0.25,0.7165627635027417,-9.362218538914501
logic_ind_021,logic,markdown,google/gemma-3-4b-it,two_stage,s2_swap_False,33.25,19.625,13.625,C,,,,,
logic_ind_021,logic,markdown,google/gemma-3-4b-it,two_stage,s2_swap_True,22.75,33.75,-11.0,C,,,,,
logic_ind_021,logic,markdown,google/gemma-3-4b-it,single_stage_control,,,,,C,unknown,0.0,0.875,0.6208875782334705,-8.100536342783151
logic_ind_021,logic,markdown,google/gemma-3-4b-it,single_stage_control,,,,,C,unknown,2.0,1.25,0.5483445285849058,-7.316981141517001
logic_ind_021,logic,markdown,google/gemma-3-4b-it,single_stage_control,,,,,C,unknown,4.0,0.875,0.6222740462590266,-6.913240849950103
logic_ind_021,logic,markdown,google/gemma-3-4b-it,single_stage_control,,,,,C,control,0.0,1.3125,0.5352713025590145,-8.240989928000914
logic_ind_021,logic,markdown,google/gemma-3-4b-it,single_stage_control,,,,,C,control,2.0,1.5,0.4900795148436791,-7.578461943265662
logic_ind_021,logic,markdown,google/gemma-3-4b-it,single_stage_control,,,,,C,control,4.0,1.3125,0.533450972394661,-7.553166219433216
logic_ind_022,logic,plain,google/gemma-3-4b-it,two_stage,s2_swap_False,36.0,20.0,16.0,A,,,,,
logic_ind_022,logic,plain,google/gemma-3-4b-it,two_stage,s2_swap_True,21.0,33.0,-12.0,A,,,,,
logic_ind_022,logic,plain,google/gemma-3-4b-it,single_stage_control,,,,,A,unknown,0.0,0.9375,0.7100439863347863,-7.639392336171827
logic_ind_022,logic,plain,google/gemma-3-4b-it,single_stage_control,,,,,A,unknown,2.0,1.25,0.6380427579705572,-6.776689730939415
logic_ind_022,logic,plain,google/gemma-3-4b-it,single_stage_control,,,,,A,unknown,4.0,1.375,0.5910338257545329,-7.275478566403967
logic_ind_022,logic,plain,google/gemma-3-4b-it,single_stage_control,,,,,A,control,0.0,0.4375,0.7912513832797666,-8.215787697601414
logic_ind_022,logic,plain,google/gemma-3-4b-it,single_stage_control,,,,,A,control,2.0,0.5,0.792416388456075,-7.881912112694092
logic_ind_022,logic,plain,google/gemma-3-4b-it,single_stage_control,,,,,A,control,4.0,0.5625,0.7643382944727223,-8.070167139591447
logic_ind_022,logic,markdown,google/gemma-3-4b-it,two_stage,s2_swap_False,30.625,16.875,13.75,A,,,,,
logic_ind_022,logic,markdown,google/gemma-3-4b-it,two_stage,s2_swap_True,19.375,31.75,-12.375,A,,,,,
logic_ind_022,logic,markdown,google/gemma-3-4b-it,single_stage_control,,,,,A,unknown,0.0,0.0625,0.7420223814538025,-6.796533211926063
logic_ind_022,logic,markdown,google/gemma-3-4b-it,single_stage_control,,,,,A,unknown,2.0,0.25,0.7343186208862786,-6.459915552029091
logic_ind_022,logic,markdown,google/gemma-3-4b-it,single_stage_control,,,,,A,unknown,4.0,0.3125,0.7273414906547635,-6.432274424099024
logic_ind_022,logic,markdown,google/gemma-3-4b-it,single_stage_control,,,,,A,control,0.0,0.375,0.724498910191754,-7.56326327571378
logic_ind_022,logic,markdown,google/gemma-3-4b-it,single_stage_control,,,,,A,control,2.0,0.125,0.7420322532324937,-7.048182403624256
logic_ind_022,logic,markdown,google/gemma-3-4b-it,single_stage_control,,,,,A,control,4.0,0.0625,0.7461869422542341,-7.266022835605977
logic_ind_023,logic,plain,google/gemma-3-4b-it,two_stage,s2_swap_False,34.25,22.25,12.0,A,,,,,
logic_ind_023,logic,plain,google/gemma-3-4b-it,two_stage,s2_swap_True,18.75,28.125,-9.375,A,,,,,
logic_ind_023,logic,plain,google/gemma-3-4b-it,single_stage_control,,,,,A,unknown,0.0,2.6875,0.2580294356765618,-5.568764727392814
logic_ind_023,logic,plain,google/gemma-3-4b-it,single_stage_control,,,,,A,unknown,2.0,2.625,0.26569600668018395,-5.697471219420308
logic_ind_023,logic,plain,google/gemma-3-4b-it,single_stage_control,,,,,A,unknown,4.0,2.125,0.35507584764452055,-5.86493413380391
logic_ind_023,logic,plain,google/gemma-3-4b-it,single_stage_control,,,,,A,control,0.0,2.1875,0.35299414555351505,-6.172695948592942
logic_ind_023,logic,plain,google/gemma-3-4b-it,single_stage_control,,,,,A,control,2.0,2.875,0.23073820550948407,-6.183047121125124
logic_ind_023,logic,plain,google/gemma-3-4b-it,single_stage_control,,,,,A,control,4.0,2.8125,0.2339779546801263,-6.560518956384815
logic_ind_023,logic,markdown,google/gemma-3-4b-it,two_stage,s2_swap_False,31.875,20.25,11.625,A,,,,,
logic_ind_023,logic,markdown,google/gemma-3-4b-it,two_stage,s2_swap_True,19.25,28.75,-9.5,A,,,,,
logic_ind_023,logic,markdown,google/gemma-3-4b-it,single_stage_control,,,,,A,unknown,0.0,3.125,0.18624338613073183,-5.481957663428627
logic_ind_023,logic,markdown,google/gemma-3-4b-it,single_stage_control,,,,,A,unknown,2.0,3.25,0.16763755054617607,-6.0390223334962165
logic_ind_023,logic,markdown,google/gemma-3-4b-it,single_stage_control,,,,,A,unknown,4.0,3.0,0.19775426824154496,-5.986885910842279
logic_ind_023,logic,markdown,google/gemma-3-4b-it,single_stage_control,,,,,A,control,0.0,2.5,0.28342106845946263,-5.830849326973105
logic_ind_023,logic,markdown,google/gemma-3-4b-it,single_stage_control,,,,,A,control,2.0,3.5625,0.13691364681465643,-6.216779681274815
logic_ind_023,logic,markdown,google/gemma-3-4b-it,single_stage_control,,,,,A,control,4.0,3.0,0.20038054220149615,-6.112243583917788
logic_ind_024,logic,plain,google/gemma-3-4b-it,two_stage,s2_swap_False,34.5,20.0,14.5,B,,,,,
logic_ind_024,logic,plain,google/gemma-3-4b-it,two_stage,s2_swap_True,21.125,31.25,-10.125,B,,,,,
logic_ind_024,logic,plain,google/gemma-3-4b-it,single_stage_control,,,,,B,unknown,0.0,1.5,0.5605197937402747,-6.155094697577976
logic_ind_024,logic,plain,google/gemma-3-4b-it,single_stage_control,,,,,B,unknown,2.0,1.4375,0.5491970196163287,-6.786114225747241
logic_ind_024,logic,plain,google/gemma-3-4b-it,single_stage_control,,,,,B,unknown,4.0,1.3125,0.5728561749306428,-6.060583059763484
logic_ind_024,logic,plain,google/gemma-3-4b-it,single_stage_control,,,,,B,control,0.0,2.0625,0.4188319812836806,-7.068706663473222
logic_ind_024,logic,plain,google/gemma-3-4b-it,single_stage_control,,,,,B,control,2.0,1.75,0.47974094004561857,-7.483128353851825
logic_ind_024,logic,plain,google/gemma-3-4b-it,single_stage_control,,,,,B,control,4.0,1.9375,0.4367499419535774,-6.581974754249302
logic_ind_024,logic,markdown,google/gemma-3-4b-it,two_stage,s2_swap_False,33.5,19.25,14.25,B,,,,,
logic_ind_024,logic,markdown,google/gemma-3-4b-it,two_stage,s2_swap_True,21.375,33.0,-11.625,B,,,,,
logic_ind_024,logic,markdown,google/gemma-3-4b-it,single_stage_control,,,,,B,unknown,0.0,2.5625,0.2847220885757718,-5.82820846712211
logic_ind_024,logic,markdown,google/gemma-3-4b-it,single_stage_control,,,,,B,unknown,2.0,2.6875,0.2607135193530644,-6.131680429988357
logic_ind_024,logic,markdown,google/gemma-3-4b-it,single_stage_control,,,,,B,unknown,4.0,2.5625,0.28158424785223063,-5.515186366509308
logic_ind_024,logic,markdown,google/gemma-3-4b-it,single_stage_control,,,,,B,control,0.0,2.75,0.2515267028899417,-6.315397415131226
logic_ind_024,logic,markdown,google/gemma-3-4b-it,single_stage_control,,,,,B,control,2.0,2.875,0.2278108590254533,-6.6200142145805
logic_ind_024,logic,markdown,google/gemma-3-4b-it,single_stage_control,,,,,B,control,4.0,3.1875,0.19036643555341826,-5.981253094514081
logic_ind_025,logic,plain,google/gemma-3-4b-it,two_stage,s2_swap_False,34.5,19.125,15.375,B,,,,,
logic_ind_025,logic,plain,google/gemma-3-4b-it,two_stage,s2_swap_True,19.25,30.125,-10.875,B,,,,,
logic_ind_025,logic,plain,google/gemma-3-4b-it,single_stage_control,,,,,B,unknown,0.0,0.8125,0.8160712726339584,-6.607602534288883
logic_ind_025,logic,plain,google/gemma-3-4b-it,single_stage_control,,,,,B,unknown,2.0,1.8125,0.6885253401499977,-6.546501311886164
logic_ind_025,logic,plain,google/gemma-3-4b-it,single_stage_control,,,,,B,unknown,4.0,1.3125,0.6633109634130753,-6.271857745050763
logic_ind_025,logic,plain,google/gemma-3-4b-it,single_stage_control,,,,,B,control,0.0,1.625,0.6577929640160389,-6.641443284773441
logic_ind_025,logic,plain,google/gemma-3-4b-it,single_stage_control,,,,,B,control,2.0,2.125,0.6221577321531814,-6.356001397958067
logic_ind_025,logic,plain,google/gemma-3-4b-it,single_stage_control,,,,,B,control,4.0,2.125,0.5340637898955871,-6.692394979035697
logic_ind_025,logic,markdown,google/gemma-3-4b-it,two_stage,s2_swap_False,31.0,17.875,13.125,B,,,,,
logic_ind_025,logic,markdown,google/gemma-3-4b-it,two_stage,s2_swap_True,18.5,31.0,-12.5,B,,,,,
logic_ind_025,logic,markdown,google/gemma-3-4b-it,single_stage_control,,,,,B,unknown,0.0,3.0625,0.2604941955913346,-6.3719882872894935
logic_ind_025,logic,markdown,google/gemma-3-4b-it,single_stage_control,,,,,B,unknown,2.0,3.5,0.19979955273192085,-6.666064444243403
logic_ind_025,logic,markdown,google/gemma-3-4b-it,single_stage_control,,,,,B,unknown,4.0,3.4375,0.19687050633245481,-6.2910750804024005
logic_ind_025,logic,markdown,google/gemma-3-4b-it,single_stage_control,,,,,B,control,0.0,3.1875,0.26520704052267763,-6.434254259402124
logic_ind_025,logic,markdown,google/gemma-3-4b-it,single_stage_control,,,,,B,control,2.0,3.5,0.19757140943854654,-6.478313552391787
logic_ind_025,logic,markdown,google/gemma-3-4b-it,single_stage_control,,,,,B,control,4.0,3.875,0.15662416377000235,-6.654851069301454
logic_ind_026,logic,plain,google/gemma-3-4b-it,two_stage,s2_swap_False,37.5,21.5,16.0,A,,,,,
logic_ind_026,logic,plain,google/gemma-3-4b-it,two_stage,s2_swap_True,19.625,28.75,-9.125,A,,,,,
logic_ind_026,logic,plain,google/gemma-3-4b-it,single_stage_control,,,,,A,unknown,0.0,1.1875,0.7182568362710557,-5.05819248374552
logic_ind_026,logic,plain,google/gemma-3-4b-it,single_stage_control,,,,,A,unknown,2.0,1.3125,0.6612129703004466,-4.707789967912268
logic_ind_026,logic,plain,google/gemma-3-4b-it,single_stage_control,,,,,A,unknown,4.0,1.625,0.5665189163898721,-5.516644345993464
logic_ind_026,logic,plain,google/gemma-3-4b-it,single_stage_control,,,,,A,control,0.0,2.25,0.4928447542241914,-5.578082631216953
logic_ind_026,logic,plain,google/gemma-3-4b-it,single_stage_control,,,,,A,control,2.0,1.625,0.654931420372115,-5.045105003500641
logic_ind_026,logic,plain,google/gemma-3-4b-it,single_stage_control,,,,,A,control,4.0,1.875,0.573644917671498,-5.684573905515824
logic_ind_026,logic,markdown,google/gemma-3-4b-it,two_stage,s2_swap_False,33.0,18.875,14.125,A,,,,,
logic_ind_026,logic,markdown,google/gemma-3-4b-it,two_stage,s2_swap_True,20.0,30.625,-10.625,A,,,,,
logic_ind_026,logic,markdown,google/gemma-3-4b-it,single_stage_control,,,,,A,unknown,0.0,2.125,0.39185709560136894,-5.996683538492833
logic_ind_026,logic,markdown,google/gemma-3-4b-it,single_stage_control,,,,,A,unknown,2.0,2.1875,0.37281148683741655,-6.238847803826522
logic_ind_026,logic,markdown,google/gemma-3-4b-it,single_stage_control,,,,,A,unknown,4.0,1.875,0.4352663118035645,-6.087378696343725
logic_ind_026,logic,markdown,google/gemma-3-4b-it,single_stage_control,,,,,A,control,0.0,2.6875,0.2884132782017104,-6.261667343540587
logic_ind_026,logic,markdown,google/gemma-3-4b-it,single_stage_control,,,,,A,control,2.0,2.1875,0.3812687559682344,-6.052900546484997
logic_ind_026,logic,markdown,google/gemma-3-4b-it,single_stage_control,,,,,A,control,4.0,2.1875,0.3850626595205152,-6.210033558104687
logic_ind_027,logic,plain,google/gemma-3-4b-it,two_stage,s2_swap_False,35.5,20.875,14.625,D,,,,,
logic_ind_027,logic,plain,google/gemma-3-4b-it,two_stage,s2_swap_True,20.875,31.75,-10.875,D,,,,,
logic_ind_027,logic,plain,google/gemma-3-4b-it,single_stage_control,,,,,D,unknown,0.0,0.125,0.7773844989820861,-6.901086853652981
logic_ind_027,logic,plain,google/gemma-3-4b-it,single_stage_control,,,,,D,unknown,2.0,0.25,0.7759160617990104,-8.15894767172193
logic_ind_027,logic,plain,google/gemma-3-4b-it,single_stage_control,,,,,D,unknown,4.0,0.0625,0.7612926723205782,-7.613774316932643
logic_ind_027,logic,plain,google/gemma-3-4b-it,single_stage_control,,,,,D,control,0.0,0.25,0.769720295293134,-8.406520179981461
logic_ind_027,logic,plain,google/gemma-3-4b-it,single_stage_control,,,,,D,control,2.0,0.25,0.788454922765165,-8.600420140234718
logic_ind_027,logic,plain,google/gemma-3-4b-it,single_stage_control,,,,,D,control,4.0,0.5625,0.7367013057105047,-8.15556871708681
logic_ind_027,logic,markdown,google/gemma-3-4b-it,two_stage,s2_swap_False,32.25,19.5,12.75,D,,,,,
logic_ind_027,logic,markdown,google/gemma-3-4b-it,two_stage,s2_swap_True,21.5,33.25,-11.75,D,,,,,
logic_ind_027,logic,markdown,google/gemma-3-4b-it,single_stage_control,,,,,D,unknown,0.0,0.4375,0.7322913329381423,-5.260332155656663
logic_ind_027,logic,markdown,google/gemma-3-4b-it,single_stage_control,,,,,D,unknown,2.0,0.6875,0.69170675908943,-6.355082424906371
logic_ind_027,logic,markdown,google/gemma-3-4b-it,single_stage_control,,,,,D,unknown,4.0,0.5625,0.6988271382121499,-5.771136171279842
logic_ind_027,logic,markdown,google/gemma-3-4b-it,single_stage_control,,,,,D,control,0.0,0.625,0.701505824320494,-6.7514902659001805
logic_ind_027,logic,markdown,google/gemma-3-4b-it,single_stage_control,,,,,D,control,2.0,1.0,0.6367770908721416,-6.698357950596108
logic_ind_027,logic,markdown,google/gemma-3-4b-it,single_stage_control,,,,,D,control,4.0,1.0,0.6323773329157792,-6.572200773729813
logic_ind_028,logic,plain,google/gemma-3-4b-it,two_stage,s2_swap_False,34.25,21.125,13.125,C,,,,,
logic_ind_028,logic,plain,google/gemma-3-4b-it,two_stage,s2_swap_True,21.375,29.0,-7.625,C,,,,,
logic_ind_028,logic,plain,google/gemma-3-4b-it,single_stage_control,,,,,C,unknown,0.0,0.5,0.8708119623380239,-2.7209355732694416
logic_ind_028,logic,plain,google/gemma-3-4b-it,single_stage_control,,,,,C,unknown,2.0,0.3125,0.8538650931946424,-1.595019605472423
logic_ind_028,logic,plain,google/gemma-3-4b-it,single_stage_control,,,,,C,unknown,4.0,0.1875,0.8162806817223449,-2.8832400806047698
logic_ind_028,logic,plain,google/gemma-3-4b-it,single_stage_control,,,,,C,control,0.0,1.1875,0.6820007199445791,-4.234852028858871
logic_ind_028,logic,plain,google/gemma-3-4b-it,single_stage_control,,,,,C,control,2.0,1.125,0.6873514267002714,-3.247965203912118
logic_ind_028,logic,plain,google/gemma-3-4b-it,single_stage_control,,,,,C,control,4.0,1.1875,0.6883249429078795,-4.860970191348347
logic_ind_028,logic,markdown,google/gemma-3-4b-it,two_stage,s2_swap_False,31.75,19.25,12.5,C,,,,,
logic_ind_028,logic,markdown,google/gemma-3-4b-it,two_stage,s2_swap_True,21.625,29.25,-7.625,C,,,,,
logic_ind_028,logic,markdown,google/gemma-3-4b-it,single_stage_control,,,,,C,unknown,0.0,1.125,0.6669140646508673,-3.5551934879210414
logic_ind_028,logic,markdown,google/gemma-3-4b-it,single_stage_control,,,,,C,unknown,2.0,1.375,0.5825850194584339,-2.303569637461937
logic_ind_028,logic,markdown,google/gemma-3-4b-it,single_stage_control,,,,,C,unknown,4.0,0.875,0.6852945354414851,-2.926667645364933
logic_ind_028,logic,markdown,google/gemma-3-4b-it,single_stage_control,,,,,C,control,0.0,1.75,0.5054291795055962,-4.739071866016284
logic_ind_028,logic,markdown,google/gemma-3-4b-it,single_stage_control,,,,,C,control,2.0,1.8125,0.4927195962539168,-3.418263346186846
logic_ind_028,logic,markdown,google/gemma-3-4b-it,single_stage_control,,,,,C,control,4.0,1.5,0.5645896095991786,-4.781349604331199
logic_ind_029,logic,plain,google/gemma-3-4b-it,two_stage,s2_swap_False,36.0,21.0,15.0,B,,,,,
logic_ind_029,logic,plain,google/gemma-3-4b-it,two_stage,s2_swap_True,23.375,32.5,-9.125,B,,,,,
logic_ind_029,logic,plain,google/gemma-3-4b-it,single_stage_control,,,,,B,unknown,0.0,0.75,0.8166483717691883,-8.409062052508617
logic_ind_029,logic,plain,google/gemma-3-4b-it,single_stage_control,,,,,B,unknown,2.0,0.5,0.8573656149125424,-8.57694520997403
logic_ind_029,logic,plain,google/gemma-3-4b-it,single_stage_control,,,,,B,unknown,4.0,0.5625,0.8366182010164935,-8.437848113473263
logic_ind_029,logic,plain,google/gemma-3-4b-it,single_stage_control,,,,,B,control,0.0,0.1875,0.8686984853926628,-8.34135504752929
logic_ind_029,logic,plain,google/gemma-3-4b-it,single_stage_control,,,,,B,control,2.0,0.5,0.8565621914576794,-8.514256216094628
logic_ind_029,logic,plain,google/gemma-3-4b-it,single_stage_control,,,,,B,control,4.0,0.4375,0.8398438775427324,-8.683763989620305
logic_ind_029,logic,markdown,google/gemma-3-4b-it,two_stage,s2_swap_False,34.75,20.0,14.75,B,,,,,
logic_ind_029,logic,markdown,google/gemma-3-4b-it,two_stage,s2_swap_True,22.375,32.75,-10.375,B,,,,,
logic_ind_029,logic,markdown,google/gemma-3-4b-it,single_stage_control,,,,,B,unknown,0.0,0.4375,0.8135338012283387,-7.408705423373066
logic_ind_029,logic,markdown,google/gemma-3-4b-it,single_stage_control,,,,,B,unknown,2.0,0.375,0.8410024220798148,-7.035384604901392
logic_ind_029,logic,markdown,google/gemma-3-4b-it,single_stage_control,,,,,B,unknown,4.0,0.5,0.808655941354824,-6.947182720524138
logic_ind_029,logic,markdown,google/gemma-3-4b-it,single_stage_control,,,,,B,control,0.0,0.0,0.8649785869023885,-7.176229927679675
logic_ind_029,logic,markdown,google/gemma-3-4b-it,single_stage_control,,,,,B,control,2.0,0.25,0.8512458885489997,-7.307364999384562
logic_ind_029,logic,markdown,google/gemma-3-4b-it,single_stage_control,,,,,B,control,4.0,0.25,0.8439058762797906,-7.4289040633378765
logic_ind_030,logic,plain,google/gemma-3-4b-it,two_stage,s2_swap_False,34.75,23.375,11.375,A,,,,,
logic_ind_030,logic,plain,google/gemma-3-4b-it,two_stage,s2_swap_True,28.875,29.125,-0.25,A,,,,,
logic_ind_030,logic,plain,google/gemma-3-4b-it,single_stage_control,,,,,A,unknown,0.0,1.5625,0.5801345251172612,-5.216326772088388
logic_ind_030,logic,plain,google/gemma-3-4b-it,single_stage_control,,,,,A,unknown,2.0,1.4375,0.6302839063271909,-5.058994206861852
logic_ind_030,logic,plain,google/gemma-3-4b-it,single_stage_control,,,,,A,unknown,4.0,1.75,0.5218592589854021,-5.056086092220317
logic_ind_030,logic,plain,google/gemma-3-4b-it,single_stage_control,,,,,A,control,0.0,2.375,0.40254152001845145,-6.049580556476558
logic_ind_030,logic,plain,google/gemma-3-4b-it,single_stage_control,,,,,A,control,2.0,2.125,0.4543563064862639,-5.949572894317557
logic_ind_030,logic,plain,google/gemma-3-4b-it,single_stage_control,,,,,A,control,4.0,2.3125,0.4162992889144737,-6.117299827222343
logic_ind_030,logic,markdown,google/gemma-3-4b-it,two_stage,s2_swap_False,32.25,21.0,11.25,A,,,,,
logic_ind_030,logic,markdown,google/gemma-3-4b-it,two_stage,s2_swap_True,25.125,31.5,-6.375,A,,,,,
logic_ind_030,logic,markdown,google/gemma-3-4b-it,single_stage_control,,,,,A,unknown,0.0,1.75,0.4907755897036957,-5.485553610426022
logic_ind_030,logic,markdown,google/gemma-3-4b-it,single_stage_control,,,,,A,unknown,2.0,1.6875,0.4872746482937248,-5.179065312022757
logic_ind_030,logic,markdown,google/gemma-3-4b-it,single_stage_control,,,,,A,unknown,4.0,1.875,0.44367592345787943,-5.2137532864239695
logic_ind_030,logic,markdown,google/gemma-3-4b-it,single_stage_control,,,,,A,control,0.0,2.375,0.3625966442948409,-6.039022741407328
logic_ind_030,logic,markdown,google/gemma-3-4b-it,single_stage_control,,,,,A,control,2.0,2.125,0.3952036071447198,-6.059711905303921
logic_ind_030,logic,markdown,google/gemma-3-4b-it,single_stage_control,,,,,A,control,4.0,2.25,0.386858619583236,-5.9253580008092435
fac_ind_001,factual,plain,google/gemma-3-4b-it,two_stage,s2_swap_False,34.5,20.25,14.25,C,,,,,
fac_ind_001,factual,plain,google/gemma-3-4b-it,two_stage,s2_swap_True,17.625,28.0,-10.375,C,,,,,
fac_ind_001,factual,plain,google/gemma-3-4b-it,single_stage_control,,,,,C,unknown,0.0,5.375,0.03509824699117628,-9.38028903373107
fac_ind_001,factual,plain,google/gemma-3-4b-it,single_stage_control,,,,,C,unknown,2.0,3.5,0.15488626721480891,-7.033058229462984
fac_ind_001,factual,plain,google/gemma-3-4b-it,single_stage_control,,,,,C,unknown,4.0,3.75,0.1177906150188991,-8.27427249454842
fac_ind_001,factual,plain,google/gemma-3-4b-it,single_stage_control,,,,,C,control,0.0,5.375,0.03808439350343018,-9.005706199668037
fac_ind_001,factual,plain,google/gemma-3-4b-it,single_stage_control,,,,,C,control,2.0,2.25,0.40944604120437833,-5.744985357978052
fac_ind_001,factual,plain,google/gemma-3-4b-it,single_stage_control,,,,,C,control,4.0,2.375,0.3097883039598063,-6.8415978283904515
fac_ind_001,factual,markdown,google/gemma-3-4b-it,two_stage,s2_swap_False,33.25,20.375,12.875,C,,,,,
fac_ind_001,factual,markdown,google/gemma-3-4b-it,two_stage,s2_swap_True,18.5,29.25,-10.75,C,,,,,
fac_ind_001,factual,markdown,google/gemma-3-4b-it,single_stage_control,,,,,C,unknown,0.0,2.875,0.22059161168294394,-7.556454416289927
fac_ind_001,factual,markdown,google/gemma-3-4b-it,single_stage_control,,,,,C,unknown,2.0,2.0,0.3872779226817658,-6.005105740910114
fac_ind_001,factual,markdown,google/gemma-3-4b-it,single_stage_control,,,,,C,unknown,4.0,2.25,0.331583767266026,-6.727463519566246
fac_ind_001,factual,markdown,google/gemma-3-4b-it,single_stage_control,,,,,C,control,0.0,3.125,0.1923205385274722,-7.295455614255616
fac_ind_001,factual,markdown,google/gemma-3-4b-it,single_stage_control,,,,,C,control,2.0,0.75,0.7072674907264632,-4.403281027239505
fac_ind_001,factual,markdown,google/gemma-3-4b-it,single_stage_control,,,,,C,control,4.0,0.25,0.7216181269217603,-5.081868028254959
fac_ind_002,factual,plain,google/gemma-3-4b-it,two_stage,s2_swap_False,36.0,18.625,17.375,A,,,,,
fac_ind_002,factual,plain,google/gemma-3-4b-it,two_stage,s2_swap_True,15.75,28.625,-12.875,A,,,,,
fac_ind_002,factual,plain,google/gemma-3-4b-it,single_stage_control,,,,,A,unknown,0.0,7.5,0.010874087655255205,-7.751244310991908
fac_ind_002,factual,plain,google/gemma-3-4b-it,single_stage_control,,,,,A,unknown,2.0,6.125,0.04064474733756242,-6.25560564342916
fac_ind_002,factual,plain,google/gemma-3-4b-it,single_stage_control,,,,,A,unknown,4.0,6.5,0.02587059523438315,-6.378335899536619
fac_ind_002,factual,plain,google/gemma-3-4b-it,single_stage_control,,,,,A,control,0.0,6.25,0.033706874272407476,-7.62956066699148
fac_ind_002,factual,plain,google/gemma-3-4b-it,single_stage_control,,,,,A,control,2.0,5.125,0.08839964212886,-6.639021004933994
fac_ind_002,factual,plain,google/gemma-3-4b-it,single_stage_control,,,,,A,control,4.0,5.625,0.06648120080793352,-5.884972034049888
fac_ind_002,factual,markdown,google/gemma-3-4b-it,two_stage,s2_swap_False,32.5,16.75,15.75,A,,,,,
fac_ind_002,factual,markdown,google/gemma-3-4b-it,two_stage,s2_swap_True,15.4375,28.625,-13.1875,A,,,,,
fac_ind_002,factual,markdown,google/gemma-3-4b-it,single_stage_control,,,,,A,unknown,0.0,8.625,0.00345649343506266,-8.625346703530397
fac_ind_002,factual,markdown,google/gemma-3-4b-it,single_stage_control,,,,,A,unknown,2.0,7.75,0.006101966362878124,-7.875662841386621
fac_ind_002,factual,markdown,google/gemma-3-4b-it,single_stage_control,,,,,A,unknown,4.0,7.75,0.005431893832831366,-7.8755902383807594
fac_ind_002,factual,markdown,google/gemma-3-4b-it,single_stage_control,,,,,A,control,0.0,8.5,0.0036610260851911583,-9.625370603120775
fac_ind_002,factual,markdown,google/gemma-3-4b-it,single_stage_control,,,,,A,control,2.0,7.125,0.01023344440497443,-8.626193042244829
fac_ind_002,factual,markdown,google/gemma-3-4b-it,single_stage_control,,,,,A,control,4.0,7.125,0.01011041542823038,-7.751181226426755
fac_ind_003,factual,plain,google/gemma-3-4b-it,two_stage,s2_swap_False,37.0,20.0,17.0,B,,,,,
fac_ind_003,factual,plain,google/gemma-3-4b-it,two_stage,s2_swap_True,17.5,29.5,-12.0,B,,,,,
fac_ind_003,factual,plain,google/gemma-3-4b-it,single_stage_control,,,,,B,unknown,0.0,6.75,0.01110438906887264,-9.126373796784584
fac_ind_003,factual,plain,google/gemma-3-4b-it,single_stage_control,,,,,B,unknown,2.0,3.75,0.1171222112712915,-6.774142786966507
fac_ind_003,factual,plain,google/gemma-3-4b-it,single_stage_control,,,,,B,unknown,4.0,8.75,0.0040270743229766015,-8.37540712883537
fac_ind_003,factual,plain,google/gemma-3-4b-it,single_stage_control,,,,,B,control,0.0,2.5,0.41468893099844006,-6.484237720441811
fac_ind_003,factual,plain,google/gemma-3-4b-it,single_stage_control,,,,,B,control,2.0,1.625,0.6110644926260342,-5.341623470854177
fac_ind_003,factual,plain,google/gemma-3-4b-it,single_stage_control,,,,,B,control,4.0,4.375,0.16463622457227828,-5.529981126428538
fac_ind_003,factual,markdown,google/gemma-3-4b-it,two_stage,s2_swap_False,34.25,18.5,15.75,B,,,,,
fac_ind_003,factual,markdown,google/gemma-3-4b-it,two_stage,s2_swap_True,18.0,28.625,-10.625,B,,,,,
fac_ind_003,factual,markdown,google/gemma-3-4b-it,single_stage_control,,,,,B,unknown,0.0,10.5,0.0005587555752967245,-12.000047059658634
fac_ind_003,factual,markdown,google/gemma-3-4b-it,single_stage_control,,,,,B,unknown,2.0,7.875,0.00627136377872132,-9.625692635461384
fac_ind_003,factual,markdown,google/gemma-3-4b-it,single_stage_control,,,,,B,unknown,4.0,8.25,0.0027366564232194526,-10.250287435342912
fac_ind_003,factual,markdown,google/gemma-3-4b-it,single_stage_control,,,,,B,control,0.0,4.125,0.10886801290812892,-9.269950663784119
fac_ind_003,factual,markdown,google/gemma-3-4b-it,single_stage_control,,,,,B,control,2.0,3.625,0.14983008970961453,-7.905746411335528
fac_ind_003,factual,markdown,google/gemma-3-4b-it,single_stage_control,,,,,B,control,4.0,3.75,0.11639884878125471,-8.024049775505059
fac_ind_004,factual,plain,google/gemma-3-4b-it,two_stage,s2_swap_False,35.0,21.0,14.0,C,,,,,
fac_ind_004,factual,plain,google/gemma-3-4b-it,two_stage,s2_swap_True,17.75,28.0,-10.25,C,,,,,
fac_ind_004,factual,plain,google/gemma-3-4b-it,single_stage_control,,,,,C,unknown,0.0,7.0,0.009442674064886886,-10.626133633036169
fac_ind_004,factual,plain,google/gemma-3-4b-it,single_stage_control,,,,,C,unknown,2.0,5.375,0.039366741477203746,-7.630880585421018
fac_ind_004,factual,plain,google/gemma-3-4b-it,single_stage_control,,,,,C,unknown,4.0,5.625,0.02759492411478546,-9.629003491956666
fac_ind_004,factual,plain,google/gemma-3-4b-it,single_stage_control,,,,,C,control,0.0,5.75,0.0278670589179086,-9.503943464163452
fac_ind_004,factual,plain,google/gemma-3-4b-it,single_stage_control,,,,,C,control,2.0,4.0,0.11417522585570858,-6.896642647775728
fac_ind_004,factual,plain,google/gemma-3-4b-it,single_stage_control,,,,,C,control,4.0,4.625,0.06027267019191771,-9.01038376754493
fac_ind_004,factual,markdown,google/gemma-3-4b-it,two_stage,s2_swap_False,32.75,19.375,13.375,C,,,,,
fac_ind_004,factual,markdown,google/gemma-3-4b-it,two_stage,s2_swap_True,17.375,29.125,-11.75,C,,,,,
fac_ind_004,factual,markdown,google/gemma-3-4b-it,single_stage_control,,,,,C,unknown,0.0,4.0,0.0934834442171512,-9.018505284721758
fac_ind_004,factual,markdown,google/gemma-3-4b-it,single_stage_control,,,,,C,unknown,2.0,3.0,0.20084106779177538,-7.17481733101603
fac_ind_004,factual,markdown,google/gemma-3-4b-it,single_stage_control,,,,,C,unknown,4.0,3.0,0.19893477990837644,-8.049545996574409
fac_ind_004,factual,markdown,google/gemma-3-4b-it,single_stage_control,,,,,C,control,0.0,3.0,0.19779615468457717,-8.049395883035256
fac_ind_004,factual,markdown,google/gemma-3-4b-it,single_stage_control,,,,,C,control,2.0,1.75,0.44177462755337554,-6.2884920858186
fac_ind_004,factual,markdown,google/gemma-3-4b-it,single_stage_control,,,,,C,control,4.0,1.875,0.4027576021069852,-7.269049562471171
fac_ind_005,factual,plain,google/gemma-3-4b-it,two_stage,s2_swap_False,34.25,18.375,15.875,C,,,,,
fac_ind_005,factual,plain,google/gemma-3-4b-it,two_stage,s2_swap_True,17.625,28.875,-11.25,C,,,,,
fac_ind_005,factual,plain,google/gemma-3-4b-it,single_stage_control,,,,,C,unknown,0.0,5.75,0.0381094401888689,-8.380478646490072
fac_ind_005,factual,plain,google/gemma-3-4b-it,single_stage_control,,,,,C,unknown,2.0,5.125,0.07147884438625048,-5.886463243628764
fac_ind_005,factual,plain,google/gemma-3-4b-it,single_stage_control,,,,,C,unknown,4.0,4.25,0.10122743143141574,-6.768087183936402
fac_ind_005,factual,plain,google/gemma-3-4b-it,single_stage_control,,,,,C,control,0.0,3.875,0.14865425257251624,-7.15377613205715
fac_ind_005,factual,plain,google/gemma-3-4b-it,single_stage_control,,,,,C,control,2.0,2.875,0.4011410754838052,-4.978806698910919
fac_ind_005,factual,plain,google/gemma-3-4b-it,single_stage_control,,,,,C,control,4.0,2.5,0.3414725591757498,-6.2170109031340886
fac_ind_005,factual,markdown,google/gemma-3-4b-it,two_stage,s2_swap_False,32.25,16.75,15.5,C,,,,,
fac_ind_005,factual,markdown,google/gemma-3-4b-it,two_stage,s2_swap_True,15.6875,27.75,-12.0625,C,,,,,
fac_ind_005,factual,markdown,google/gemma-3-4b-it,single_stage_control,,,,,C,unknown,0.0,3.125,0.1920814787237538,-7.920375265873631
fac_ind_005,factual,markdown,google/gemma-3-4b-it,single_stage_control,,,,,C,unknown,2.0,3.375,0.17123807862532311,-6.037402786241394
fac_ind_005,factual,markdown,google/gemma-3-4b-it,single_stage_control,,,,,C,unknown,4.0,2.25,0.34571449472090404,-6.729821584005389
fac_ind_005,factual,markdown,google/gemma-3-4b-it,single_stage_control,,,,,C,control,0.0,2.0,0.42321958015295974,-7.011971768792744
fac_ind_005,factual,markdown,google/gemma-3-4b-it,single_stage_control,,,,,C,control,2.0,1.125,0.7335778411239461,-4.826096113407843
fac_ind_005,factual,markdown,google/gemma-3-4b-it,single_stage_control,,,,,C,control,4.0,0.375,0.7611573514879849,-5.790019844383831
fac_ind_006,factual,plain,google/gemma-3-4b-it,two_stage,s2_swap_False,35.25,20.125,15.125,B,,,,,
fac_ind_006,factual,plain,google/gemma-3-4b-it,two_stage,s2_swap_True,18.125,28.75,-10.625,B,,,,,
fac_ind_006,factual,plain,google/gemma-3-4b-it,single_stage_control,,,,,B,unknown,0.0,10.75,0.000527007486752237,-10.250044096595634
fac_ind_006,factual,plain,google/gemma-3-4b-it,single_stage_control,,,,,B,unknown,2.0,8.125,0.005844601670692768,-7.875622522442402
fac_ind_006,factual,plain,google/gemma-3-4b-it,single_stage_control,,,,,B,unknown,4.0,9.25,0.002310369893963275,-8.375220970768861
fac_ind_006,factual,plain,google/gemma-3-4b-it,single_stage_control,,,,,B,control,0.0,5.875,0.025020362476391524,-7.378444243487493
fac_ind_006,factual,plain,google/gemma-3-4b-it,single_stage_control,,,,,B,control,2.0,5.125,0.08309317356893525,-6.138306942515882
fac_ind_006,factual,plain,google/gemma-3-4b-it,single_stage_control,,,,,B,control,4.0,6.0,0.030075687051830016,-6.254056893851981
fac_ind_006,factual,markdown,google/gemma-3-4b-it,two_stage,s2_swap_False,34.25,18.875,15.375,B,,,,,
fac_ind_006,factual,markdown,google/gemma-3-4b-it,two_stage,s2_swap_True,18.0,29.875,-11.875,B,,,,,
fac_ind_006,factual,markdown,google/gemma-3-4b-it,single_stage_control,,,,,B,unknown,0.0,10.75,0.0003717503435720651,-11.62503049147621
fac_ind_006,factual,markdown,google/gemma-3-4b-it,single_stage_control,,,,,B,unknown,2.0,8.625,0.0022848794489698852,-9.250227899032971
fac_ind_006,factual,markdown,google/gemma-3-4b-it,single_stage_control,,,,,B,unknown,4.0,8.625,0.001953626092680221,-9.50019742026921
fac_ind_006,factual,markdown,google/gemma-3-4b-it,single_stage_control,,,,,B,control,0.0,7.625,0.00572297605704074,-10.000635603839946
fac_ind_006,factual,markdown,google/gemma-3-4b-it,single_stage_control,,,,,B,control,2.0,6.375,0.017832612623806934,-7.752284605423192
fac_ind_006,factual,markdown,google/gemma-3-4b-it,single_stage_control,,,,,B,control,4.0,6.125,0.017160234870043013,-7.25233915946604
fac_ind_007,factual,plain,google/gemma-3-4b-it,two_stage,s2_swap_False,34.5,18.125,16.375,B,,,,,
fac_ind_007,factual,plain,google/gemma-3-4b-it,two_stage,s2_swap_True,16.375,27.75,-11.375,B,,,,,
fac_ind_007,factual,plain,google/gemma-3-4b-it,single_stage_control,,,,,B,unknown,0.0,7.375,0.013698280899377968,-5.126609258058558
fac_ind_007,factual,plain,google/gemma-3-4b-it,single_stage_control,,,,,B,unknown,2.0,4.5,0.13501611857771081,-3.0235145148996736
fac_ind_007,factual,plain,google/gemma-3-4b-it,single_stage_control,,,,,B,unknown,4.0,5.125,0.05724681548160671,-4.883750158913333
fac_ind_007,factual,plain,google/gemma-3-4b-it,single_stage_control,,,,,B,control,0.0,3.25,0.37580595476093365,-3.2123769447743626
fac_ind_007,factual,plain,google/gemma-3-4b-it,single_stage_control,,,,,B,control,2.0,2.875,0.5436794034100981,-2.8949573586572868
fac_ind_007,factual,plain,google/gemma-3-4b-it,single_stage_control,,,,,B,control,4.0,3.75,0.18711052062973935,-4.286725460608292
fac_ind_007,factual,markdown,google/gemma-3-4b-it,two_stage,s2_swap_False,32.5,17.0,15.5,B,,,,,
fac_ind_007,factual,markdown,google/gemma-3-4b-it,two_stage,s2_swap_True,15.6875,28.0,-12.3125,B,,,,,
fac_ind_007,factual,markdown,google/gemma-3-4b-it,single_stage_control,,,,,B,unknown,0.0,6.125,0.021780952725764198,-5.877888003014881
fac_ind_007,factual,markdown,google/gemma-3-4b-it,single_stage_control,,,,,B,unknown,2.0,4.25,0.10469726520972052,-5.0185997424894
fac_ind_007,factual,markdown,google/gemma-3-4b-it,single_stage_control,,,,,B,unknown,4.0,4.125,0.09194670049056014,-5.767276648861031
fac_ind_007,factual,markdown,google/gemma-3-4b-it,single_stage_control,,,,,B,control,0.0,2.25,0.3960746282357699,-3.989832923002421
fac_ind_007,factual,markdown,google/gemma-3-4b-it,single_stage_control,,,,,B,control,2.0,1.625,0.5609864020077358,-4.577966124598561
fac_ind_007,factual,markdown,google/gemma-3-4b-it,single_stage_control,,,,,B,control,4.0,1.75,0.45343517769785846,-5.040469242628518
fac_ind_008,factual,plain,google/gemma-3-4b-it,two_stage,s2_swap_False,35.0,18.75,16.25,C,,,,,
fac_ind_008,factual,plain,google/gemma-3-4b-it,two_stage,s2_swap_True,16.5,28.875,-12.375,C,,,,,
fac_ind_008,factual,plain,google/gemma-3-4b-it,single_stage_control,,,,,C,unknown,0.0,8.375,0.0028672348304699703,-10.750294955240104
fac_ind_008,factual,plain,google/gemma-3-4b-it,single_stage_control,,,,,C,unknown,2.0,6.625,0.011316956920893934,-8.001443586504536
fac_ind_008,factual,plain,google/gemma-3-4b-it,single_stage_control,,,,,C,unknown,4.0,7.375,0.00989362061328079,-9.126154220870102
fac_ind_008,factual,plain,google/gemma-3-4b-it,single_stage_control,,,,,C,control,0.0,6.875,0.0108952233599467,-9.251324881038325
fac_ind_008,factual,plain,google/gemma-3-4b-it,single_stage_control,,,,,C,control,2.0,3.875,0.1074703452811499,-6.271541436856047
fac_ind_008,factual,plain,google/gemma-3-4b-it,single_stage_control,,,,,C,control,4.0,5.5,0.0455626698271642,-7.75674618521926
fac_ind_008,factual,markdown,google/gemma-3-4b-it,two_stage,s2_swap_False,33.0,17.75,15.25,C,,,,,
fac_ind_008,factual,markdown,google/gemma-3-4b-it,two_stage,s2_swap_True,16.0,28.375,-12.375,C,,,,,
fac_ind_008,factual,markdown,google/gemma-3-4b-it,single_stage_control,,,,,C,unknown,0.0,8.0,0.004857883196417956,-10.000523825389074
fac_ind_008,factual,markdown,google/gemma-3-4b-it,single_stage_control,,,,,C,unknown,2.0,6.875,0.01352416277890214,-8.001671633676327
fac_ind_008,factual,markdown,google/gemma-3-4b-it,single_stage_control,,,,,C,unknown,4.0,6.375,0.01573491018975277,-9.75204297615796
fac_ind_008,factual,markdown,google/gemma-3-4b-it,single_stage_control,,,,,C,control,0.0,6.125,0.023438562564541805,-8.753152692784766
fac_ind_008,factual,markdown,google/gemma-3-4b-it,single_stage_control,,,,,C,control,2.0,4.25,0.09594254685111295,-5.767403598470828
fac_ind_008,factual,markdown,google/gemma-3-4b-it,single_stage_control,,,,,C,control,4.0,4.0,0.10984920115036893,-7.770909713948857
fac_ind_009,factual,plain,google/gemma-3-4b-it,two_stage,s2_swap_False,34.25,20.25,14.0,B,,,,,
fac_ind_009,factual,plain,google/gemma-3-4b-it,two_stage,s2_swap_True,18.0,28.25,-10.25,B,,,,,
fac_ind_009,factual,plain,google/gemma-3-4b-it,single_stage_control,,,,,B,unknown,0.0,7.5,0.007967774825620909,-6.500890709101537
fac_ind_009,factual,plain,google/gemma-3-4b-it,single_stage_control,,,,,B,unknown,2.0,4.75,0.08204410904566845,-3.138302077305582
fac_ind_009,factual,plain,google/gemma-3-4b-it,single_stage_control,,,,,B,unknown,4.0,6.125,0.03911203294792238,-4.13039370764626
fac_ind_009,factual,plain,google/gemma-3-4b-it,single_stage_control,,,,,B,control,0.0,4.375,0.11854220085466947,-5.770549098734058
fac_ind_009,factual,plain,google/gemma-3-4b-it,single_stage_control,,,,,B,control,2.0,3.0,0.34084223757784027,-3.704150255247633
fac_ind_009,factual,plain,google/gemma-3-4b-it,single_stage_control,,,,,B,control,4.0,3.75,0.22521468566021277,-3.1698868830640876
fac_ind_009,factual,markdown,google/gemma-3-4b-it,two_stage,s2_swap_False,32.25,18.375,13.875,B,,,,,
fac_ind_009,factual,markdown,google/gemma-3-4b-it,two_stage,s2_swap_True,17.125,29.125,-12.0,B,,,,,
fac_ind_009,factual,markdown,google/gemma-3-4b-it,single_stage_control,,,,,B,unknown,0.0,7.625,0.007722047651410199,-7.250868580475927
fac_ind_009,factual,markdown,google/gemma-3-4b-it,single_stage_control,,,,,B,unknown,2.0,5.625,0.052153478022636826,-3.882560104760813
fac_ind_009,factual,markdown,google/gemma-3-4b-it,single_stage_control,,,,,B,unknown,4.0,5.75,0.03283951087245961,-5.504638627768244
fac_ind_009,factual,markdown,google/gemma-3-4b-it,single_stage_control,,,,,B,control,0.0,5.125,0.0634987840463316,-6.259934016891446
fac_ind_009,factual,markdown,google/gemma-3-4b-it,single_stage_control,,,,,B,control,2.0,4.125,0.14369818939024878,-4.276162755520744
fac_ind_009,factual,markdown,google/gemma-3-4b-it,single_stage_control,,,,,B,control,4.0,3.75,0.1393795454197539,-4.1526503716249366
fac_ind_010,factual,plain,google/gemma-3-4b-it,two_stage,s2_swap_False,36.5,20.5,16.0,B,,,,,
fac_ind_010,factual,plain,google/gemma-3-4b-it,two_stage,s2_swap_True,18.75,29.5,-10.75,B,,,,,
fac_ind_010,factual,plain,google/gemma-3-4b-it,single_stage_control,,,,,B,unknown,0.0,8.625,0.003146688991954461,-9.625315955505432
fac_ind_010,factual,plain,google/gemma-3-4b-it,single_stage_control,,,,,B,unknown,2.0,9.0,0.0024434246612740256,-9.125238418538604
fac_ind_010,factual,plain,google/gemma-3-4b-it,single_stage_control,,,,,B,unknown,4.0,8.875,0.003011947191500013,-9.750298564358758
fac_ind_010,factual,plain,google/gemma-3-4b-it,single_stage_control,,,,,B,control,0.0,6.625,0.022599932311386083,-7.5028612916929305
fac_ind_010,factual,plain,google/gemma-3-4b-it,single_stage_control,,,,,B,control,2.0,7.0,0.016143467622712696,-7.626955605538676
fac_ind_010,factual,plain,google/gemma-3-4b-it,single_stage_control,,,,,B,control,4.0,7.25,0.013249728952640998,-8.37656623377017
fac_ind_010,factual,markdown,google/gemma-3-4b-it,two_stage,s2_swap_False,33.75,18.75,15.0,B,,,,,
fac_ind_010,factual,markdown,google/gemma-3-4b-it,two_stage,s2_swap_True,17.875,29.5,-11.625,B,,,,,
fac_ind_010,factual,markdown,google/gemma-3-4b-it,single_stage_control,,,,,B,unknown,0.0,7.125,0.008459172329830015,-8.376000494255006
fac_ind_010,factual,markdown,google/gemma-3-4b-it,single_stage_control,,,,,B,unknown,2.0,7.875,0.0038976708358915684,-9.625426247611195
fac_ind_010,factual,markdown,google/gemma-3-4b-it,single_stage_control,,,,,B,unknown,4.0,7.75,0.004244746805886557,-10.375472132781557
fac_ind_010,factual,markdown,google/gemma-3-4b-it,single_stage_control,,,,,B,control,0.0,4.875,0.04631840955327632,-8.257779609098076
fac_ind_010,factual,markdown,google/gemma-3-4b-it,single_stage_control,,,,,B,control,2.0,6.125,0.019344097246696265,-8.25259443711155
fac_ind_010,factual,markdown,google/gemma-3-4b-it,single_stage_control,,,,,B,control,4.0,5.75,0.023310763143506545,-8.878366771067068
fac_ind_011,factual,plain,google/gemma-3-4b-it,two_stage,s2_swap_False,34.5,21.375,13.125,C,,,,,
fac_ind_011,factual,plain,google/gemma-3-4b-it,two_stage,s2_swap_True,19.375,29.125,-9.75,C,,,,,
fac_ind_011,factual,plain,google/gemma-3-4b-it,single_stage_control,,,,,C,unknown,0.0,4.375,0.07491051679080603,-8.763493395733061
fac_ind_011,factual,plain,google/gemma-3-4b-it,single_stage_control,,,,,C,unknown,2.0,3.375,0.16797871413270127,-6.411970257454723
fac_ind_011,factual,plain,google/gemma-3-4b-it,single_stage_control,,,,,C,unknown,4.0,3.375,0.15338574066400584,-7.784620069181251
fac_ind_011,factual,plain,google/gemma-3-4b-it,single_stage_control,,,,,C,control,0.0,5.25,0.04334967840487694,-8.256618405295868
fac_ind_011,factual,plain,google/gemma-3-4b-it,single_stage_control,,,,,C,control,2.0,2.25,0.41903874229620064,-5.122589607436485
fac_ind_011,factual,plain,google/gemma-3-4b-it,single_stage_control,,,,,C,control,4.0,2.25,0.332522677048208,-6.477682753696406
fac_ind_011,factual,markdown,google/gemma-3-4b-it,two_stage,s2_swap_False,34.0,21.125,12.875,C,,,,,
fac_ind_011,factual,markdown,google/gemma-3-4b-it,two_stage,s2_swap_True,19.5,30.0,-10.5,C,,,,,
fac_ind_011,factual,markdown,google/gemma-3-4b-it,single_stage_control,,,,,C,unknown,0.0,0.75,0.6497447228542095,-6.765184250451888
fac_ind_011,factual,markdown,google/gemma-3-4b-it,single_stage_control,,,,,C,unknown,2.0,0.5,0.6954867726221045,-5.229310782331851
fac_ind_011,factual,markdown,google/gemma-3-4b-it,single_stage_control,,,,,C,unknown,4.0,0.625,0.6780260947890804,-5.933720601278502
fac_ind_011,factual,markdown,google/gemma-3-4b-it,single_stage_control,,,,,C,control,0.0,1.375,0.5330931586607291,-6.605156737309482
fac_ind_011,factual,markdown,google/gemma-3-4b-it,single_stage_control,,,,,C,control,2.0,0.625,0.7226198532863026,-4.443507479922101
fac_ind_011,factual,markdown,google/gemma-3-4b-it,single_stage_control,,,,,C,control,4.0,1.125,0.5866143141340141,-5.535733512244089
fac_ind_012,factual,plain,google/gemma-3-4b-it,two_stage,s2_swap_False,34.0,18.125,15.875,A,,,,,
fac_ind_012,factual,plain,google/gemma-3-4b-it,two_stage,s2_swap_True,15.875,27.625,-11.75,A,,,,,
fac_ind_012,factual,plain,google/gemma-3-4b-it,single_stage_control,,,,,A,unknown,0.0,7.125,0.013919423078853629,-6.626652495986434
fac_ind_012,factual,plain,google/gemma-3-4b-it,single_stage_control,,,,,A,unknown,2.0,6.375,0.03312834385481459,-6.6294307071346665
fac_ind_012,factual,plain,google/gemma-3-4b-it,single_stage_control,,,,,A,unknown,4.0,7.25,0.016326474436637775,-7.0019617023887974
fac_ind_012,factual,plain,google/gemma-3-4b-it,single_stage_control,,,,,A,control,0.0,6.0,0.03928524612851605,-6.755427747045708
fac_ind_012,factual,plain,google/gemma-3-4b-it,single_stage_control,,,,,A,control,2.0,5.5,0.0697923762161464,-6.698095959077133
fac_ind_012,factual,plain,google/gemma-3-4b-it,single_stage_control,,,,,A,control,4.0,5.875,0.04716690687775736,-6.506677560493287
fac_ind_012,factual,markdown,google/gemma-3-4b-it,two_stage,s2_swap_False,31.5,16.75,14.75,A,,,,,
fac_ind_012,factual,markdown,google/gemma-3-4b-it,two_stage,s2_swap_True,15.5625,28.375,-12.8125,A,,,,,
fac_ind_012,factual,markdown,google/gemma-3-4b-it,single_stage_control,,,,,A,unknown,0.0,7.875,0.0055830617532475965,-8.125599470226433
fac_ind_012,factual,markdown,google/gemma-3-4b-it,single_stage_control,,,,,A,unknown,2.0,7.125,0.009396943391810325,-7.87609622294476
fac_ind_012,factual,markdown,google/gemma-3-4b-it,single_stage_control,,,,,A,unknown,4.0,7.75,0.005261004390230859,-8.375572312443243
fac_ind_012,factual,markdown,google/gemma-3-4b-it,single_stage_control,,,,,A,control,0.0,7.625,0.007869825680412758,-8.438372985410947
fac_ind_012,factual,markdown,google/gemma-3-4b-it,single_stage_control,,,,,A,control,2.0,6.6875,0.013842905308458369,-8.376702613091776
fac_ind_012,factual,markdown,google/gemma-3-4b-it,single_stage_control,,,,,A,control,4.0,6.75,0.013136839629499209,-7.876605476512051
fac_ind_013,factual,plain,google/gemma-3-4b-it,two_stage,s2_swap_False,36.5,20.25,16.25,B,,,,,
fac_ind_013,factual,plain,google/gemma-3-4b-it,two_stage,s2_swap_True,17.875,29.125,-11.25,B,,,,,
fac_ind_013,factual,plain,google/gemma-3-4b-it,single_stage_control,,,,,B,unknown,0.0,5.5,0.030145583081532847,-7.379465806058796
fac_ind_013,factual,plain,google/gemma-3-4b-it,single_stage_control,,,,,B,unknown,2.0,0.5,0.6955432732361413,-4.60445820657003
fac_ind_013,factual,plain,google/gemma-3-4b-it,single_stage_control,,,,,B,unknown,4.0,7.125,0.01430723027881833,-7.251716901049509
fac_ind_013,factual,plain,google/gemma-3-4b-it,single_stage_control,,,,,B,control,0.0,2.75,0.3149388510426264,-5.577870881829067
fac_ind_013,factual,plain,google/gemma-3-4b-it,single_stage_control,,,,,B,control,2.0,2.25,0.4433526628767004,-5.0022095042721055
fac_ind_013,factual,plain,google/gemma-3-4b-it,single_stage_control,,,,,B,control,4.0,4.25,0.15038979128717617,-5.277174260359246
fac_ind_013,factual,markdown,google/gemma-3-4b-it,two_stage,s2_swap_False,34.0,18.625,15.375,B,,,,,
fac_ind_013,factual,markdown,google/gemma-3-4b-it,two_stage,s2_swap_True,17.875,28.875,-11.0,B,,,,,
fac_ind_013,factual,markdown,google/gemma-3-4b-it,single_stage_control,,,,,B,unknown,0.0,8.25,0.003974720130308606,-10.250415752947877
fac_ind_013,factual,markdown,google/gemma-3-4b-it,single_stage_control,,,,,B,unknown,2.0,5.0,0.08122266594021678,-7.63852387439794
fac_ind_013,factual,markdown,google/gemma-3-4b-it,single_stage_control,,,,,B,unknown,4.0,5.875,0.020486499995691614,-8.752919445590347
fac_ind_013,factual,markdown,google/gemma-3-4b-it,single_stage_control,,,,,B,control,0.0,3.125,0.21004362907995225,-8.423610318208627
fac_ind_013,factual,markdown,google/gemma-3-4b-it,single_stage_control,,,,,B,control,2.0,2.375,0.33074736829869644,-7.220587887221775
fac_ind_013,factual,markdown,google/gemma-3-4b-it,single_stage_control,,,,,B,control,4.0,2.125,0.3516718996338659,-7.114378527149984
fac_ind_014,factual,plain,google/gemma-3-4b-it,two_stage,s2_swap_False,34.75,21.625,13.125,C,,,,,
fac_ind_014,factual,plain,google/gemma-3-4b-it,two_stage,s2_swap_True,17.875,27.75,-9.875,C,,,,,
fac_ind_014,factual,plain,google/gemma-3-4b-it,single_stage_control,,,,,C,unknown,0.0,6.5,0.013154880595385776,-9.501691671719275
fac_ind_014,factual,plain,google/gemma-3-4b-it,single_stage_control,,,,,C,unknown,2.0,5.625,0.03737250583275692,-6.755404461256255
fac_ind_014,factual,plain,google/gemma-3-4b-it,single_stage_control,,,,,C,unknown,4.0,6.0,0.020444480513908677,-9.252801495839748
fac_ind_014,factual,plain,google/gemma-3-4b-it,single_stage_control,,,,,C,control,0.0,6.25,0.01822322252333044,-8.752403705390684
fac_ind_014,factual,plain,google/gemma-3-4b-it,single_stage_control,,,,,C,control,2.0,4.875,0.0659345340624767,-6.510648252566654
fac_ind_014,factual,plain,google/gemma-3-4b-it,single_stage_control,,,,,C,control,4.0,6.0,0.019548914096726107,-9.127699622746984
fac_ind_014,factual,markdown,google/gemma-3-4b-it,two_stage,s2_swap_False,32.25,19.375,12.875,C,,,,,
fac_ind_014,factual,markdown,google/gemma-3-4b-it,two_stage,s2_swap_True,17.375,29.0,-11.625,C,,,,,
fac_ind_014,factual,markdown,google/gemma-3-4b-it,single_stage_control,,,,,C,unknown,0.0,3.5,0.1381341784890765,-8.655401465235435
fac_ind_014,factual,markdown,google/gemma-3-4b-it,single_stage_control,,,,,C,unknown,2.0,2.75,0.24411135489789537,-7.064233776637074
fac_ind_014,factual,markdown,google/gemma-3-4b-it,single_stage_control,,,,,C,unknown,4.0,3.125,0.18322689667661513,-8.169052972194912
fac_ind_014,factual,markdown,google/gemma-3-4b-it,single_stage_control,,,,,C,control,0.0,3.375,0.15110834303609783,-8.409299288167642
fac_ind_014,factual,markdown,google/gemma-3-4b-it,single_stage_control,,,,,C,control,2.0,2.25,0.3378695346119255,-6.6035027618246644
fac_ind_014,factual,markdown,google/gemma-3-4b-it,single_stage_control,,,,,C,control,4.0,2.25,0.32521667895338796,-7.4765301273450255
fac_ind_015,factual,plain,google/gemma-3-4b-it,two_stage,s2_swap_False,34.0,19.125,14.875,C,,,,,
fac_ind_015,factual,plain,google/gemma-3-4b-it,two_stage,s2_swap_True,18.25,28.0,-9.75,C,,,,,
fac_ind_015,factual,plain,google/gemma-3-4b-it,single_stage_control,,,,,C,unknown,0.0,5.5,0.047111960641686115,-7.507029263695557
fac_ind_015,factual,plain,google/gemma-3-4b-it,single_stage_control,,,,,C,unknown,2.0,5.5,0.05463825845841532,-5.883342118814664
fac_ind_015,factual,plain,google/gemma-3-4b-it,single_stage_control,,,,,C,unknown,4.0,5.125,0.05035375063082333,-7.132754971504774
fac_ind_015,factual,plain,google/gemma-3-4b-it,single_stage_control,,,,,C,control,0.0,4.75,0.09689159644705034,-6.64157933213826
fac_ind_015,factual,plain,google/gemma-3-4b-it,single_stage_control,,,,,C,control,2.0,3.0,0.31614279308074816,-4.700685836577186
fac_ind_015,factual,plain,google/gemma-3-4b-it,single_stage_control,,,,,C,control,4.0,3.625,0.16476900012033896,-5.78335943004069
fac_ind_015,factual,markdown,google/gemma-3-4b-it,two_stage,s2_swap_False,33.0,17.375,15.625,C,,,,,
fac_ind_015,factual,markdown,google/gemma-3-4b-it,two_stage,s2_swap_True,16.75,28.375,-11.625,C,,,,,
fac_ind_015,factual,markdown,google/gemma-3-4b-it,single_stage_control,,,,,C,unknown,0.0,3.5,0.14416047243074864,-8.218726126342602
fac_ind_015,factual,markdown,google/gemma-3-4b-it,single_stage_control,,,,,C,unknown,2.0,3.75,0.12742814406780217,-6.400668998562985
fac_ind_015,factual,markdown,google/gemma-3-4b-it,single_stage_control,,,,,C,unknown,4.0,2.625,0.26658131327523754,-7.322583039375129
fac_ind_015,factual,markdown,google/gemma-3-4b-it,single_stage_control,,,,,C,control,0.0,2.375,0.3336735513423334,-7.220718731542995
fac_ind_015,factual,markdown,google/gemma-3-4b-it,single_stage_control,,,,,C,control,2.0,1.75,0.5481215002056498,-5.063271311668576
fac_ind_015,factual,markdown,google/gemma-3-4b-it,single_stage_control,,,,,C,control,4.0,0.875,0.6709015213360611,-6.172910023338243
fac_ind_016,factual,plain,google/gemma-3-4b-it,two_stage,s2_swap_False,35.75,20.375,15.375,B,,,,,
fac_ind_016,factual,plain,google/gemma-3-4b-it,two_stage,s2_swap_True,19.125,28.875,-9.75,B,,,,,
fac_ind_016,factual,plain,google/gemma-3-4b-it,single_stage_control,,,,,B,unknown,0.0,10.75,0.00045314115586868347,-9.625037223365172
fac_ind_016,factual,plain,google/gemma-3-4b-it,single_stage_control,,,,,B,unknown,2.0,8.5,0.003792324649141014,-8.000385098676812
fac_ind_016,factual,plain,google/gemma-3-4b-it,single_stage_control,,,,,B,unknown,4.0,9.5,0.0014660211126299595,-8.625134501116317
fac_ind_016,factual,plain,google/gemma-3-4b-it,single_stage_control,,,,,B,control,0.0,6.375,0.01639770836547697,-7.377108332438219
fac_ind_016,factual,plain,google/gemma-3-4b-it,single_stage_control,,,,,B,control,2.0,6.0,0.03928524612851605,-6.380427747045708
fac_ind_016,factual,plain,google/gemma-3-4b-it,single_stage_control,,,,,B,control,4.0,7.25,0.014458063625166363,-6.126715557634281
fac_ind_016,factual,markdown,google/gemma-3-4b-it,two_stage,s2_swap_False,33.75,18.75,15.0,B,,,,,
fac_ind_016,factual,markdown,google/gemma-3-4b-it,two_stage,s2_swap_True,18.625,30.375,-11.75,B,,,,,
fac_ind_016,factual,markdown,google/gemma-3-4b-it,single_stage_control,,,,,B,unknown,0.0,10.75,0.0004003694563508173,-11.000032945930588
fac_ind_016,factual,markdown,google/gemma-3-4b-it,single_stage_control,,,,,B,unknown,2.0,8.25,0.0031092659098843284,-8.875323434535396
fac_ind_016,factual,markdown,google/gemma-3-4b-it,single_stage_control,,,,,B,unknown,4.0,8.25,0.002722870776972179,-9.375286317407912
fac_ind_016,factual,markdown,google/gemma-3-4b-it,single_stage_control,,,,,B,control,0.0,7.75,0.005151445508376815,-9.625563793180444
fac_ind_016,factual,markdown,google/gemma-3-4b-it,single_stage_control,,,,,B,control,2.0,6.5,0.01683903999475881,-7.502123067274173
fac_ind_016,factual,markdown,google/gemma-3-4b-it,single_stage_control,,,,,B,control,4.0,6.375,0.014157208564419954,-7.376856426756891
fac_ind_017,factual,plain,google/gemma-3-4b-it,two_stage,s2_swap_False,33.75,19.125,14.625,B,,,,,
fac_ind_017,factual,plain,google/gemma-3-4b-it,two_stage,s2_swap_True,16.625,27.625,-11.0,B,,,,,
fac_ind_017,factual,plain,google/gemma-3-4b-it,single_stage_control,,,,,B,unknown,0.0,7.125,0.017065453159039807,-5.0020658564175555
fac_ind_017,factual,plain,google/gemma-3-4b-it,single_stage_control,,,,,B,unknown,2.0,4.25,0.13771490835616373,-3.274537839637077
fac_ind_017,factual,plain,google/gemma-3-4b-it,single_stage_control,,,,,B,unknown,4.0,5.625,0.0477020549173378,-5.506840349080402
fac_ind_017,factual,plain,google/gemma-3-4b-it,single_stage_control,,,,,B,control,0.0,2.75,0.3982096316666873,-2.348585810564103
fac_ind_017,factual,plain,google/gemma-3-4b-it,single_stage_control,,,,,B,control,2.0,2.75,0.5635201458411966,-2.654119190970178
fac_ind_017,factual,plain,google/gemma-3-4b-it,single_stage_control,,,,,B,control,4.0,4.0,0.2112502482797877,-4.041251560831363
fac_ind_017,factual,markdown,google/gemma-3-4b-it,two_stage,s2_swap_False,33.0,17.625,15.375,B,,,,,
fac_ind_017,factual,markdown,google/gemma-3-4b-it,two_stage,s2_swap_True,16.5,28.625,-12.125,B,,,,,
fac_ind_017,factual,markdown,google/gemma-3-4b-it,single_stage_control,,,,,B,unknown,0.0,7.125,0.009446723032043962,-6.626103703726095
fac_ind_017,factual,markdown,google/gemma-3-4b-it,single_stage_control,,,,,B,unknown,2.0,5.125,0.06054505144609096,-4.634293532533803
fac_ind_017,factual,markdown,google/gemma-3-4b-it,single_stage_control,,,,,B,unknown,4.0,4.875,0.052857616607492046,-5.883574419082834
fac_ind_017,factual,markdown,google/gemma-3-4b-it,single_stage_control,,,,,B,control,0.0,3.75,0.15337692902966366,-4.279959995043239
fac_ind_017,factual,markdown,google/gemma-3-4b-it,single_stage_control,,,,,B,control,2.0,2.125,0.43842292456127807,-4.006618268767777
fac_ind_017,factual,markdown,google/gemma-3-4b-it,single_stage_control,,,,,B,control,4.0,2.5,0.3012959905786519,-4.833754795071478
fac_ind_018,factual,plain,google/gemma-3-4b-it,two_stage,s2_swap_False,35.0,20.25,14.75,C,,,,,
fac_ind_018,factual,plain,google/gemma-3-4b-it,two_stage,s2_swap_True,17.75,29.125,-11.375,C,,,,,
fac_ind_018,factual,plain,google/gemma-3-4b-it,single_stage_control,,,,,C,unknown,0.0,9.25,0.0015477267395249327,-10.875146285998898
fac_ind_018,factual,plain,google/gemma-3-4b-it,single_stage_control,,,,,C,unknown,2.0,7.375,0.00586792338117864,-8.875682723567238
fac_ind_018,factual,plain,google/gemma-3-4b-it,single_stage_control,,,,,C,unknown,4.0,7.875,0.006103092495937498,-9.125668700334607
fac_ind_018,factual,plain,google/gemma-3-4b-it,single_stage_control,,,,,C,control,0.0,7.625,0.005488061350703526,-9.62561155617399
fac_ind_018,factual,plain,google/gemma-3-4b-it,single_stage_control,,,,,C,control,2.0,5.0,0.04347252517970237,-6.257067254416011
fac_ind_018,factual,plain,google/gemma-3-4b-it,single_stage_control,,,,,C,control,4.0,6.625,0.021281122512793054,-7.877758661025169
fac_ind_018,factual,markdown,google/gemma-3-4b-it,two_stage,s2_swap_False,32.75,18.5,14.25,C,,,,,
fac_ind_018,factual,markdown,google/gemma-3-4b-it,two_stage,s2_swap_True,17.0,28.75,-11.75,C,,,,,
fac_ind_018,factual,markdown,google/gemma-3-4b-it,single_stage_control,,,,,C,unknown,0.0,7.625,0.006280649876996088,-10.125702795493808
fac_ind_018,factual,markdown,google/gemma-3-4b-it,single_stage_control,,,,,C,unknown,2.0,6.75,0.014523156661596237,-8.001814883927054
fac_ind_018,factual,markdown,google/gemma-3-4b-it,single_stage_control,,,,,C,unknown,4.0,5.875,0.025262709023394104,-9.37850422574579
fac_ind_018,factual,markdown,google/gemma-3-4b-it,single_stage_control,,,,,C,control,0.0,6.125,0.024350299606555954,-8.753281455396174
fac_ind_018,factual,markdown,google/gemma-3-4b-it,single_stage_control,,,,,C,control,2.0,4.875,0.06507766367185434,-5.635546538965489
fac_ind_018,factual,markdown,google/gemma-3-4b-it,single_stage_control,,,,,C,control,4.0,3.875,0.12644487735441384,-7.649545281009061
fac_ind_019,factual,plain,google/gemma-3-4b-it,two_stage,s2_swap_False,35.25,21.125,14.125,B,,,,,
fac_ind_019,factual,plain,google/gemma-3-4b-it,two_stage,s2_swap_True,19.125,28.25,-9.125,B,,,,,
fac_ind_019,factual,plain,google/gemma-3-4b-it,single_stage_control,,,,,B,unknown,0.0,8.625,0.004063473463168395,-6.375411793980586
fac_ind_019,factual,plain,google/gemma-3-4b-it,single_stage_control,,,,,B,unknown,2.0,5.625,0.03966118242757583,-3.380627652969995
fac_ind_019,factual,plain,google/gemma-3-4b-it,single_stage_control,,,,,B,unknown,4.0,7.375,0.012095482986985952,-5.126409377297257
fac_ind_019,factual,plain,google/gemma-3-4b-it,single_stage_control,,,,,B,control,0.0,5.75,0.051050290781272864,-4.507338162475392
fac_ind_019,factual,plain,google/gemma-3-4b-it,single_stage_control,,,,,B,control,2.0,3.875,0.15908765820410237,-3.5301729582755357
fac_ind_019,factual,plain,google/gemma-3-4b-it,single_stage_control,,,,,B,control,4.0,5.125,0.07445842878892649,-3.5115408972410727
fac_ind_019,factual,markdown,google/gemma-3-4b-it,two_stage,s2_swap_False,32.75,18.625,14.125,B,,,,,
fac_ind_019,factual,markdown,google/gemma-3-4b-it,two_stage,s2_swap_True,17.875,29.75,-11.875,B,,,,,
fac_ind_019,factual,markdown,google/gemma-3-4b-it,single_stage_control,,,,,B,unknown,0.0,7.75,0.00467588945003556,-7.750513206322669
fac_ind_019,factual,markdown,google/gemma-3-4b-it,single_stage_control,,,,,B,unknown,2.0,6.5,0.019498750180411487,-5.002462593844562
fac_ind_019,factual,markdown,google/gemma-3-4b-it,single_stage_control,,,,,B,unknown,4.0,6.5,0.014511513091689696,-6.376849217925326
fac_ind_019,factual,markdown,google/gemma-3-4b-it,single_stage_control,,,,,B,control,0.0,5.875,0.02585877552813772,-6.753559006151228
fac_ind_019,factual,markdown,google/gemma-3-4b-it,single_stage_control,,,,,B,control,2.0,4.875,0.06882000338135061,-5.0109334760786055
fac_ind_019,factual,markdown,google/gemma-3-4b-it,single_stage_control,,,,,B,control,4.0,4.25,0.08862689154516246,-4.516068621076251
fac_ind_020,factual,plain,google/gemma-3-4b-it,two_stage,s2_swap_False,35.75,20.5,15.25,B,,,,,
fac_ind_020,factual,plain,google/gemma-3-4b-it,two_stage,s2_swap_True,18.75,28.375,-9.625,B,,,,,
fac_ind_020,factual,plain,google/gemma-3-4b-it,single_stage_control,,,,,B,unknown,0.0,8.25,0.004702173917456315,-9.000492142500917
fac_ind_020,factual,plain,google/gemma-3-4b-it,single_stage_control,,,,,B,unknown,2.0,8.0,0.005803897415090308,-8.625624122354346
fac_ind_020,factual,plain,google/gemma-3-4b-it,single_stage_control,,,,,B,unknown,4.0,8.0,0.006596088553610453,-9.000716069154482
fac_ind_020,factual,plain,google/gemma-3-4b-it,single_stage_control,,,,,B,control,0.0,6.875,0.020086424639938896,-7.377495148500678
fac_ind_020,factual,plain,google/gemma-3-4b-it,single_stage_control,,,,,B,control,2.0,6.375,0.026255600382927714,-7.378421723009819
fac_ind_020,factual,plain,google/gemma-3-4b-it,single_stage_control,,,,,B,control,4.0,6.75,0.019697530842419445,-7.752459862599942
fac_ind_020,factual,markdown,google/gemma-3-4b-it,two_stage,s2_swap_False,32.5,18.0,14.5,B,,,,,
fac_ind_020,factual,markdown,google/gemma-3-4b-it,two_stage,s2_swap_True,17.625,28.5,-10.875,B,,,,,
fac_ind_020,factual,markdown,google/gemma-3-4b-it,single_stage_control,,,,,B,unknown,0.0,7.25,0.007832463443687264,-8.375910765130083
fac_ind_020,factual,markdown,google/gemma-3-4b-it,single_stage_control,,,,,B,unknown,2.0,6.75,0.010922080361228999,-8.626355957669002
fac_ind_020,factual,markdown,google/gemma-3-4b-it,single_stage_control,,,,,B,unknown,4.0,6.375,0.014481283443609917,-9.50189564075897
fac_ind_020,factual,markdown,google/gemma-3-4b-it,single_stage_control,,,,,B,control,0.0,5.625,0.025973138306985014,-8.253816028816505
fac_ind_020,factual,markdown,google/gemma-3-4b-it,single_stage_control,,,,,B,control,2.0,5.5,0.03338968725206992,-8.004881126239521
fac_ind_020,factual,markdown,google/gemma-3-4b-it,single_stage_control,,,,,B,control,4.0,5.125,0.041047038029567856,-8.381464925926522
fac_ind_021,factual,plain,google/gemma-3-4b-it,two_stage,s2_swap_False,34.5,21.375,13.125,C,,,,,
fac_ind_021,factual,plain,google/gemma-3-4b-it,two_stage,s2_swap_True,19.25,29.125,-9.875,C,,,,,
fac_ind_021,factual,plain,google/gemma-3-4b-it,single_stage_control,,,,,C,unknown,0.0,4.5,0.06686120111418974,-8.886807482102324
fac_ind_021,factual,plain,google/gemma-3-4b-it,single_stage_control,,,,,C,unknown,2.0,3.375,0.16593082856296243,-6.411609779807758
fac_ind_021,factual,plain,google/gemma-3-4b-it,single_stage_control,,,,,C,unknown,4.0,3.375,0.15432185398784523,-7.6597497333412115
fac_ind_021,factual,plain,google/gemma-3-4b-it,single_stage_control,,,,,C,control,0.0,5.375,0.038945025018104984,-8.50583617953929
fac_ind_021,factual,plain,google/gemma-3-4b-it,single_stage_control,,,,,C,control,2.0,2.5,0.3567104791446514,-5.221737812191559
fac_ind_021,factual,plain,google/gemma-3-4b-it,single_stage_control,,,,,C,control,4.0,2.125,0.35617789148877915,-6.490104027294937
fac_ind_021,factual,markdown,google/gemma-3-4b-it,two_stage,s2_swap_False,33.75,21.125,12.625,C,,,,,
fac_ind_021,factual,markdown,google/gemma-3-4b-it,two_stage,s2_swap_True,19.375,29.625,-10.25,C,,,,,
fac_ind_021,factual,markdown,google/gemma-3-4b-it,single_stage_control,,,,,C,unknown,0.0,0.75,0.6513010673360702,-6.640471081197127
fac_ind_021,factual,markdown,google/gemma-3-4b-it,single_stage_control,,,,,C,unknown,2.0,0.5,0.6930211443208,-5.353874745709266
fac_ind_021,factual,markdown,google/gemma-3-4b-it,single_stage_control,,,,,C,unknown,4.0,0.625,0.6772186448139006,-5.9335348679376345
fac_ind_021,factual,markdown,google/gemma-3-4b-it,single_stage_control,,,,,C,control,0.0,1.5,0.5051773677177605,-6.706145465750037
fac_ind_021,factual,markdown,google/gemma-3-4b-it,single_stage_control,,,,,C,control,2.0,0.625,0.7226198532863026,-4.568507479922101
fac_ind_021,factual,markdown,google/gemma-3-4b-it,single_stage_control,,,,,C,control,4.0,1.0,0.6128811391544803,-5.568049987651708
fac_ind_022,factual,plain,google/gemma-3-4b-it,two_stage,s2_swap_False,34.0,17.875,16.125,A,,,,,
fac_ind_022,factual,plain,google/gemma-3-4b-it,two_stage,s2_swap_True,15.8125,27.5,-11.6875,A,,,,,
fac_ind_022,factual,plain,google/gemma-3-4b-it,single_stage_control,,,,,A,unknown,0.0,7.375,0.010672328470432554,-7.251222700081161
fac_ind_022,factual,plain,google/gemma-3-4b-it,single_stage_control,,,,,A,unknown,2.0,6.375,0.030597220280809544,-6.754037218492535
fac_ind_022,factual,plain,google/gemma-3-4b-it,single_stage_control,,,,,A,unknown,4.0,7.0,0.019647707556387395,-6.877423849466592
fac_ind_022,factual,plain,google/gemma-3-4b-it,single_stage_control,,,,,A,control,0.0,5.75,0.04493954519615758,-6.881383153811228
fac_ind_022,factual,plain,google/gemma-3-4b-it,single_stage_control,,,,,A,control,2.0,5.375,0.0741178728217957,-6.636355543738382
fac_ind_022,factual,plain,google/gemma-3-4b-it,single_stage_control,,,,,A,control,4.0,5.75,0.05072171339822351,-6.382274204755397
fac_ind_022,factual,markdown,google/gemma-3-4b-it,two_stage,s2_swap_False,31.5,16.375,15.125,A,,,,,
fac_ind_022,factual,markdown,google/gemma-3-4b-it,two_stage,s2_swap_True,15.25,28.0,-12.75,A,,,,,
fac_ind_022,factual,markdown,google/gemma-3-4b-it,single_stage_control,,,,,A,unknown,0.0,7.625,0.006864269468351026,-8.125757656895896
fac_ind_022,factual,markdown,google/gemma-3-4b-it,single_stage_control,,,,,A,unknown,2.0,7.25,0.008217687676176928,-8.125945680372826
fac_ind_022,factual,markdown,google/gemma-3-4b-it,single_stage_control,,,,,A,unknown,4.0,7.75,0.005024140984561057,-8.500548093426886
fac_ind_022,factual,markdown,google/gemma-3-4b-it,single_stage_control,,,,,A,control,0.0,7.75,0.007346599225412425,-8.688307607677025
fac_ind_022,factual,markdown,google/gemma-3-4b-it,single_stage_control,,,,,A,control,2.0,6.75,0.013899107433567408,-8.564196043996319
fac_ind_022,factual,markdown,google/gemma-3-4b-it,single_stage_control,,,,,A,control,4.0,6.75,0.013307214611280769,-8.001628425448065
fac_ind_023,factual,plain,google/gemma-3-4b-it,two_stage,s2_swap_False,37.0,20.5,16.5,B,,,,,
fac_ind_023,factual,plain,google/gemma-3-4b-it,two_stage,s2_swap_True,17.875,29.125,-11.25,B,,,,,
fac_ind_023,factual,plain,google/gemma-3-4b-it,single_stage_control,,,,,B,unknown,0.0,5.375,0.032482738665032485,-7.504938108018134
fac_ind_023,factual,plain,google/gemma-3-4b-it,single_stage_control,,,,,B,unknown,2.0,0.625,0.679755078757421,-4.6841840725509165
fac_ind_023,factual,plain,google/gemma-3-4b-it,single_stage_control,,,,,B,unknown,4.0,7.125,0.01453504117078823,-7.376743945708867
fac_ind_023,factual,plain,google/gemma-3-4b-it,single_stage_control,,,,,B,control,0.0,2.375,0.3848634107787191,-5.606466424522093
fac_ind_023,factual,plain,google/gemma-3-4b-it,single_stage_control,,,,,B,control,2.0,1.875,0.5466644040339763,-4.928320378893293
fac_ind_023,factual,plain,google/gemma-3-4b-it,single_stage_control,,,,,B,control,4.0,4.125,0.1660785546437269,-5.280737396768956
fac_ind_023,factual,markdown,google/gemma-3-4b-it,two_stage,s2_swap_False,33.5,18.625,14.875,B,,,,,
fac_ind_023,factual,markdown,google/gemma-3-4b-it,two_stage,s2_swap_True,17.875,28.875,-11.0,B,,,,,
fac_ind_023,factual,markdown,google/gemma-3-4b-it,single_stage_control,,,,,B,unknown,0.0,8.25,0.003644651370723868,-10.375380225126023
fac_ind_023,factual,markdown,google/gemma-3-4b-it,single_stage_control,,,,,B,unknown,2.0,5.125,0.06617376937748382,-8.010605516494206
fac_ind_023,factual,markdown,google/gemma-3-4b-it,single_stage_control,,,,,B,unknown,4.0,6.0,0.018406716889886425,-9.002576843271328
fac_ind_023,factual,markdown,google/gemma-3-4b-it,single_stage_control,,,,,B,control,0.0,2.875,0.24339798201546725,-8.435427317272143
fac_ind_023,factual,markdown,google/gemma-3-4b-it,single_stage_control,,,,,B,control,2.0,2.375,0.32775498932249303,-7.469935048783832
fac_ind_023,factual,markdown,google/gemma-3-4b-it,single_stage_control,,,,,B,control,4.0,2.125,0.3488693808740791,-7.238976508032014
fac_ind_024,factual,plain,google/gemma-3-4b-it,two_stage,s2_swap_False,34.25,21.25,13.0,C,,,,,
fac_ind_024,factual,plain,google/gemma-3-4b-it,two_stage,s2_swap_True,17.875,27.625,-9.75,C,,,,,
fac_ind_024,factual,plain,google/gemma-3-4b-it,single_stage_control,,,,,C,unknown,0.0,6.875,0.009823745539517738,-9.876199955481958
fac_ind_024,factual,plain,google/gemma-3-4b-it,single_stage_control,,,,,C,unknown,2.0,5.375,0.04462221160892945,-6.7566788611678845
fac_ind_024,factual,plain,google/gemma-3-4b-it,single_stage_control,,,,,C,unknown,4.0,5.875,0.02276248551124821,-9.128173919306683
fac_ind_024,factual,plain,google/gemma-3-4b-it,single_stage_control,,,,,C,control,0.0,6.25,0.018283046207612525,-8.752409735790135
fac_ind_024,factual,plain,google/gemma-3-4b-it,single_stage_control,,,,,C,control,2.0,4.625,0.0810383150977919,-6.513652065821631
fac_ind_024,factual,plain,google/gemma-3-4b-it,single_stage_control,,,,,C,control,4.0,5.75,0.023492678795325447,-9.253382950298697
fac_ind_024,factual,markdown,google/gemma-3-4b-it,two_stage,s2_swap_False,32.25,19.25,13.0,C,,,,,
fac_ind_024,factual,markdown,google/gemma-3-4b-it,two_stage,s2_swap_True,17.375,29.25,-11.875,C,,,,,
fac_ind_024,factual,markdown,google/gemma-3-4b-it,single_stage_control,,,,,C,unknown,0.0,3.5,0.13783004640538893,-8.780363226935592
fac_ind_024,factual,markdown,google/gemma-3-4b-it,single_stage_control,,,,,C,unknown,2.0,2.75,0.24355324526729646,-7.314155517520696
fac_ind_024,factual,markdown,google/gemma-3-4b-it,single_stage_control,,,,,C,unknown,4.0,3.0,0.2005102182778438,-8.174774834423776
fac_ind_024,factual,markdown,google/gemma-3-4b-it,single_stage_control,,,,,C,control,0.0,3.25,0.1662115998242437,-8.41383387459392
fac_ind_024,factual,markdown,google/gemma-3-4b-it,single_stage_control,,,,,C,control,2.0,2.125,0.3623378337788993,-6.616077226091644
fac_ind_024,factual,markdown,google/gemma-3-4b-it,single_stage_control,,,,,C,control,4.0,2.0,0.37895148505846354,-7.37873775241793
fac_ind_025,factual,plain,google/gemma-3-4b-it,two_stage,s2_swap_False,34.25,19.0,15.25,C,,,,,
fac_ind_025,factual,plain,google/gemma-3-4b-it,two_stage,s2_swap_True,18.375,28.125,-9.75,C,,,,,
fac_ind_025,factual,plain,google/gemma-3-4b-it,single_stage_control,,,,,C,unknown,0.0,5.125,0.06453621077643155,-7.385211236084267
fac_ind_025,factual,plain,google/gemma-3-4b-it,single_stage_control,,,,,C,unknown,2.0,5.125,0.07116703794151907,-5.886424274248583
fac_ind_025,factual,plain,google/gemma-3-4b-it,single_stage_control,,,,,C,unknown,4.0,4.75,0.06882722647905823,-7.0112636082899265
fac_ind_025,factual,plain,google/gemma-3-4b-it,single_stage_control,,,,,C,control,0.0,4.625,0.1072492585961531,-6.643766252683196
fac_ind_025,factual,plain,google/gemma-3-4b-it,single_stage_control,,,,,C,control,2.0,2.75,0.3882463332337855,-4.975307547800739
fac_ind_025,factual,plain,google/gemma-3-4b-it,single_stage_control,,,,,C,control,4.0,3.5,0.18669870802978106,-5.9137745534821065
fac_ind_025,factual,markdown,google/gemma-3-4b-it,two_stage,s2_swap_False,32.75,17.375,15.375,C,,,,,
fac_ind_025,factual,markdown,google/gemma-3-4b-it,two_stage,s2_swap_True,16.625,28.25,-11.625,C,,,,,
fac_ind_025,factual,markdown,google/gemma-3-4b-it,single_stage_control,,,,,C,unknown,0.0,3.25,0.1755581206028038,-7.915170090634085
fac_ind_025,factual,markdown,google/gemma-3-4b-it,single_stage_control,,,,,C,unknown,2.0,3.75,0.12895208597049562,-6.40091949024794
fac_ind_025,factual,markdown,google/gemma-3-4b-it,single_stage_control,,,,,C,unknown,4.0,2.625,0.2721476006949376,-7.198478400110918
fac_ind_025,factual,markdown,google/gemma-3-4b-it,single_stage_control,,,,,C,control,0.0,2.375,0.3435186336051056,-7.222635864578354
fac_ind_025,factual,markdown,google/gemma-3-4b-it,single_stage_control,,,,,C,control,2.0,1.5,0.6278245922366563,-4.986771810089611
fac_ind_025,factual,markdown,google/gemma-3-4b-it,single_stage_control,,,,,C,control,4.0,0.625,0.7282520057517893,-5.819734934356838
fac_ind_026,factual,plain,google/gemma-3-4b-it,two_stage,s2_swap_False,36.0,20.25,15.75,B,,,,,
fac_ind_026,factual,plain,google/gemma-3-4b-it,two_stage,s2_swap_True,19.125,28.625,-9.5,B,,,,,
fac_ind_026,factual,plain,google/gemma-3-4b-it,single_stage_control,,,,,B,unknown,0.0,10.375,0.0006081511834363036,-9.250051461748
fac_ind_026,factual,plain,google/gemma-3-4b-it,single_stage_control,,,,,B,unknown,2.0,8.25,0.004581450645861535,-7.875475838786549
fac_ind_026,factual,plain,google/gemma-3-4b-it,single_stage_control,,,,,B,unknown,4.0,9.5,0.0015481254243321866,-8.625142443431084
fac_ind_026,factual,plain,google/gemma-3-4b-it,single_stage_control,,,,,B,control,0.0,6.25,0.018304403436993535,-7.127392317188466
fac_ind_026,factual,plain,google/gemma-3-4b-it,single_stage_control,,,,,B,control,2.0,5.875,0.0427936627551837,-6.256011477757468
fac_ind_026,factual,plain,google/gemma-3-4b-it,single_stage_control,,,,,B,control,4.0,7.25,0.01430634811586242,-6.126692568097699
fac_ind_026,factual,markdown,google/gemma-3-4b-it,two_stage,s2_swap_False,34.0,18.875,15.125,B,,,,,
fac_ind_026,factual,markdown,google/gemma-3-4b-it,two_stage,s2_swap_True,18.5,30.25,-11.75,B,,,,,
fac_ind_026,factual,markdown,google/gemma-3-4b-it,single_stage_control,,,,,B,unknown,0.0,10.75,0.0004003694563508173,-11.125032945930588
fac_ind_026,factual,markdown,google/gemma-3-4b-it,single_stage_control,,,,,B,unknown,2.0,8.375,0.0027796902437531535,-9.00028543539905
fac_ind_026,factual,markdown,google/gemma-3-4b-it,single_stage_control,,,,,B,unknown,4.0,8.5,0.0021867780978276296,-9.625223861942509
fac_ind_026,factual,markdown,google/gemma-3-4b-it,single_stage_control,,,,,B,control,0.0,7.875,0.005051068364440163,-9.750545689770938
fac_ind_026,factual,markdown,google/gemma-3-4b-it,single_stage_control,,,,,B,control,2.0,6.5,0.015646884924687056,-7.626976788315368
fac_ind_026,factual,markdown,google/gemma-3-4b-it,single_stage_control,,,,,B,control,4.0,6.5,0.012585146126605589,-7.501626466949968
fac_ind_027,factual,plain,google/gemma-3-4b-it,two_stage,s2_swap_False,33.5,18.75,14.75,B,,,,,
fac_ind_027,factual,plain,google/gemma-3-4b-it,two_stage,s2_swap_True,16.5,27.625,-11.125,B,,,,,
fac_ind_027,factual,plain,google/gemma-3-4b-it,single_stage_control,,,,,B,unknown,0.0,6.875,0.02191424162421017,-4.752746138521999
fac_ind_027,factual,plain,google/gemma-3-4b-it,single_stage_control,,,,,B,unknown,2.0,4.375,0.13466947619986328,-3.3986745413365824
fac_ind_027,factual,plain,google/gemma-3-4b-it,single_stage_control,,,,,B,unknown,4.0,5.5,0.05190089936742279,-5.507572300616538
fac_ind_027,factual,plain,google/gemma-3-4b-it,single_stage_control,,,,,B,control,0.0,3.0,0.36344500281262077,-2.4601285636445915
fac_ind_027,factual,plain,google/gemma-3-4b-it,single_stage_control,,,,,B,control,2.0,2.625,0.6212292693929296,-2.427867135939298
fac_ind_027,factual,plain,google/gemma-3-4b-it,single_stage_control,,,,,B,control,4.0,4.0,0.21927180670018673,-3.9183146025066975
fac_ind_027,factual,markdown,google/gemma-3-4b-it,two_stage,s2_swap_False,32.75,17.375,15.375,B,,,,,
fac_ind_027,factual,markdown,google/gemma-3-4b-it,two_stage,s2_swap_True,16.5,28.875,-12.375,B,,,,,
fac_ind_027,factual,markdown,google/gemma-3-4b-it,single_stage_control,,,,,B,unknown,0.0,7.0,0.010318818711718105,-6.626223510310325
fac_ind_027,factual,markdown,google/gemma-3-4b-it,single_stage_control,,,,,B,unknown,2.0,4.625,0.08248793102398295,-4.63868920270226
fac_ind_027,factual,markdown,google/gemma-3-4b-it,single_stage_control,,,,,B,unknown,4.0,4.625,0.06498558087152272,-6.010996425517895
fac_ind_027,factual,markdown,google/gemma-3-4b-it,single_stage_control,,,,,B,control,0.0,3.375,0.19570003741789996,-4.291579084029621
fac_ind_027,factual,markdown,google/gemma-3-4b-it,single_stage_control,,,,,B,control,2.0,2.0,0.47907465152542483,-4.149542162213219
fac_ind_027,factual,markdown,google/gemma-3-4b-it,single_stage_control,,,,,B,control,4.0,2.375,0.32095960475271496,-4.96832804718726
fac_ind_028,factual,plain,google/gemma-3-4b-it,two_stage,s2_swap_False,34.75,19.875,14.875,C,,,,,
fac_ind_028,factual,plain,google/gemma-3-4b-it,two_stage,s2_swap_True,17.625,29.375,-11.75,C,,,,,
fac_ind_028,factual,plain,google/gemma-3-4b-it,single_stage_control,,,,,C,unknown,0.0,9.125,0.001665247051340015,-11.00015908116293
fac_ind_028,factual,plain,google/gemma-3-4b-it,single_stage_control,,,,,C,unknown,2.0,7.125,0.007501756889284424,-8.750896111921847
fac_ind_028,factual,plain,google/gemma-3-4b-it,single_stage_control,,,,,C,unknown,4.0,7.875,0.0063874704458032235,-9.250703462649398
fac_ind_028,factual,plain,google/gemma-3-4b-it,single_stage_control,,,,,C,control,0.0,8.0,0.004144617316864231,-9.875442955060773
fac_ind_028,factual,plain,google/gemma-3-4b-it,single_stage_control,,,,,C,control,2.0,4.75,0.05355407459759495,-6.259075336668509
fac_ind_028,factual,plain,google/gemma-3-4b-it,single_stage_control,,,,,C,control,4.0,6.375,0.02642188694493878,-7.878540805164349
fac_ind_028,factual,markdown,google/gemma-3-4b-it,two_stage,s2_swap_False,32.25,18.25,14.0,C,,,,,
fac_ind_028,factual,markdown,google/gemma-3-4b-it,two_stage,s2_swap_True,16.75,28.5,-11.75,C,,,,,
fac_ind_028,factual,markdown,google/gemma-3-4b-it,single_stage_control,,,,,C,unknown,0.0,7.25,0.008519593727228504,-9.750992385776765
fac_ind_028,factual,markdown,google/gemma-3-4b-it,single_stage_control,,,,,C,unknown,2.0,6.5,0.01735042884766123,-8.0022325649613
fac_ind_028,factual,markdown,google/gemma-3-4b-it,single_stage_control,,,,,C,unknown,4.0,6.0,0.022772496301464287,-9.378101872591884
fac_ind_028,factual,markdown,google/gemma-3-4b-it,single_stage_control,,,,,C,control,0.0,6.0,0.026186919689218977,-8.753580484055092
fac_ind_028,factual,markdown,google/gemma-3-4b-it,single_stage_control,,,,,C,control,2.0,4.75,0.06985826176743003,-5.88655196905335
fac_ind_028,factual,markdown,google/gemma-3-4b-it,single_stage_control,,,,,C,control,4.0,3.75,0.13944095336553552,-7.527768464294624
fac_ind_029,factual,plain,google/gemma-3-4b-it,two_stage,s2_swap_False,35.0,21.0,14.0,B,,,,,
fac_ind_029,factual,plain,google/gemma-3-4b-it,two_stage,s2_swap_True,19.0,28.375,-9.375,B,,,,,
fac_ind_029,factual,plain,google/gemma-3-4b-it,single_stage_control,,,,,B,unknown,0.0,8.25,0.00517585626318947,-6.250540795558209
fac_ind_029,factual,plain,google/gemma-3-4b-it,single_stage_control,,,,,B,unknown,2.0,5.375,0.050463678642760953,-3.382445468417181
fac_ind_029,factual,plain,google/gemma-3-4b-it,single_stage_control,,,,,B,unknown,4.0,7.25,0.014396044454876801,-5.001714922187741
fac_ind_029,factual,plain,google/gemma-3-4b-it,single_stage_control,,,,,B,control,0.0,5.375,0.07007314351339794,-4.2606592221503625
fac_ind_029,factual,plain,google/gemma-3-4b-it,single_stage_control,,,,,B,control,2.0,3.5,0.20896151961009735,-3.5428474890183423
fac_ind_029,factual,plain,google/gemma-3-4b-it,single_stage_control,,,,,B,control,4.0,4.875,0.09452054615649044,-3.5153306760982055
fac_ind_029,factual,markdown,google/gemma-3-4b-it,two_stage,s2_swap_False,32.5,18.375,14.125,B,,,,,
fac_ind_029,factual,markdown,google/gemma-3-4b-it,two_stage,s2_swap_True,17.875,29.625,-11.75,B,,,,,
fac_ind_029,factual,markdown,google/gemma-3-4b-it,single_stage_control,,,,,B,unknown,0.0,7.375,0.006441003082696335,-7.625738808396896
fac_ind_029,factual,markdown,google/gemma-3-4b-it,single_stage_control,,,,,B,unknown,2.0,6.125,0.027488404960168265,-4.628645803428601
fac_ind_029,factual,markdown,google/gemma-3-4b-it,single_stage_control,,,,,B,unknown,4.0,6.125,0.020622560676759785,-6.002756601676975
fac_ind_029,factual,markdown,google/gemma-3-4b-it,single_stage_control,,,,,B,control,0.0,5.5,0.035097289652471976,-6.6301089911667574
fac_ind_029,factual,markdown,google/gemma-3-4b-it,single_stage_control,,,,,B,control,2.0,4.625,0.08940222294904335,-4.764806727336879
fac_ind_029,factual,markdown,google/gemma-3-4b-it,single_stage_control,,,,,B,control,4.0,4.125,0.09845831674412255,-4.643252601876348
fac_ind_030,factual,plain,google/gemma-3-4b-it,two_stage,s2_swap_False,36.0,20.625,15.375,B,,,,,
fac_ind_030,factual,plain,google/gemma-3-4b-it,two_stage,s2_swap_True,18.75,28.375,-9.625,B,,,,,
fac_ind_030,factual,plain,google/gemma-3-4b-it,single_stage_control,,,,,B,unknown,0.0,8.25,0.0051349571730949835,-8.875543115770999
fac_ind_030,factual,plain,google/gemma-3-4b-it,single_stage_control,,,,,B,unknown,2.0,8.125,0.00548653250465121,-8.875584728274479
fac_ind_030,factual,plain,google/gemma-3-4b-it,single_stage_control,,,,,B,unknown,4.0,8.125,0.00590045979021699,-9.000631955391366
fac_ind_030,factual,plain,google/gemma-3-4b-it,single_stage_control,,,,,B,control,0.0,7.125,0.015742995807546428,-7.6268932430406835
fac_ind_030,factual,plain,google/gemma-3-4b-it,single_stage_control,,,,,B,control,2.0,6.375,0.024836329654855716,-7.3782198234784175
fac_ind_030,factual,plain,google/gemma-3-4b-it,single_stage_control,,,,,B,control,4.0,6.875,0.01841204168063755,-7.877278045514981
fac_ind_030,factual,markdown,google/gemma-3-4b-it,two_stage,s2_swap_False,33.0,18.375,14.625,B,,,,,
fac_ind_030,factual,markdown,google/gemma-3-4b-it,two_stage,s2_swap_True,17.875,28.75,-10.875,B,,,,,
fac_ind_030,factual,markdown,google/gemma-3-4b-it,single_stage_control,,,,,B,unknown,0.0,7.0,0.009762481911984327,-8.001169294391278
fac_ind_030,factual,markdown,google/gemma-3-4b-it,single_stage_control,,,,,B,unknown,2.0,6.625,0.012182347100205434,-8.626536362711605
fac_ind_030,factual,markdown,google/gemma-3-4b-it,single_stage_control,,,,,B,unknown,4.0,6.25,0.01570086862720327,-9.377099293590263
fac_ind_030,factual,markdown,google/gemma-3-4b-it,single_stage_control,,,,,B,control,0.0,5.375,0.031808973712117966,-8.129864683662817
fac_ind_030,factual,markdown,google/gemma-3-4b-it,single_stage_control,,,,,B,control,2.0,5.375,0.036920693083246955,-8.005505470375464
fac_ind_030,factual,markdown,google/gemma-3-4b-it,single_stage_control,,,,,B,control,4.0,4.75,0.055355644684404647,-8.134301230333854
