qid,category,format,model,task_type,config_id,commit_logit,decline_logit,commit_minus_decline,gold,method,position,margin,entropy,relative_preference
logic_ind_001,logic,plain,Qwen/Qwen2.5-7B-Instruct,two_stage,s2_swap_False,25.25,20.5,4.75,C,,,,,
logic_ind_001,logic,plain,Qwen/Qwen2.5-7B-Instruct,two_stage,s2_swap_True,20.75,26.375,-5.625,C,,,,,
logic_ind_001,logic,plain,Qwen/Qwen2.5-7B-Instruct,single_stage_control,,,,,C,unknown,0.0,3.125,0.39401322567984465,-2.9677934958795156
logic_ind_001,logic,plain,Qwen/Qwen2.5-7B-Instruct,single_stage_control,,,,,C,unknown,2.0,1.375,1.0051103413820694,-3.109905821101126
logic_ind_001,logic,plain,Qwen/Qwen2.5-7B-Instruct,single_stage_control,,,,,C,unknown,4.0,0.875,0.9757966629078166,0.15228365171572378
logic_ind_001,logic,plain,Qwen/Qwen2.5-7B-Instruct,single_stage_control,,,,,C,control,0.0,1.5,0.7039319717109154,-1.3843771044918327
logic_ind_001,logic,plain,Qwen/Qwen2.5-7B-Instruct,single_stage_control,,,,,C,control,2.0,2.375,0.42212425240436346,-2.490504107215017
logic_ind_001,logic,plain,Qwen/Qwen2.5-7B-Instruct,single_stage_control,,,,,C,control,4.0,2.75,0.4056397373781625,1.5193153147213039
logic_ind_001,logic,markdown,Qwen/Qwen2.5-7B-Instruct,two_stage,s2_swap_False,21.875,19.375,2.5,C,,,,,
logic_ind_001,logic,markdown,Qwen/Qwen2.5-7B-Instruct,two_stage,s2_swap_True,19.0,20.5,-1.5,C,,,,,
logic_ind_001,logic,markdown,Qwen/Qwen2.5-7B-Instruct,single_stage_control,,,,,C,unknown,0.0,2.625,0.5921530409912104,-2.6657724999771517
logic_ind_001,logic,markdown,Qwen/Qwen2.5-7B-Instruct,single_stage_control,,,,,C,unknown,2.0,0.625,1.0551621533580822,-1.6886745423762726
logic_ind_001,logic,markdown,Qwen/Qwen2.5-7B-Instruct,single_stage_control,,,,,C,unknown,4.0,0.625,1.150872805424504,1.461694076840665
logic_ind_001,logic,markdown,Qwen/Qwen2.5-7B-Instruct,single_stage_control,,,,,C,control,0.0,2.125,0.6209259310083718,-1.4402704636557466
logic_ind_001,logic,markdown,Qwen/Qwen2.5-7B-Instruct,single_stage_control,,,,,C,control,2.0,0.875,1.0793122773507637,-0.22859351713699283
logic_ind_001,logic,markdown,Qwen/Qwen2.5-7B-Instruct,single_stage_control,,,,,C,control,4.0,1.5,1.0528093103184495,2.9165657868883983
logic_ind_002,logic,plain,Qwen/Qwen2.5-7B-Instruct,two_stage,s2_swap_False,23.25,18.75,4.5,A,,,,,
logic_ind_002,logic,plain,Qwen/Qwen2.5-7B-Instruct,two_stage,s2_swap_True,18.125,19.875,-1.75,A,,,,,
logic_ind_002,logic,plain,Qwen/Qwen2.5-7B-Instruct,single_stage_control,,,,,A,unknown,0.0,3.5625,0.3168413156260649,-2.568793548145951
logic_ind_002,logic,plain,Qwen/Qwen2.5-7B-Instruct,single_stage_control,,,,,A,unknown,2.0,2.4375,0.6676846908967324,-2.823747124778901
logic_ind_002,logic,plain,Qwen/Qwen2.5-7B-Instruct,single_stage_control,,,,,A,unknown,4.0,2.4375,0.5963908550676933,-1.7941637193907738
logic_ind_002,logic,plain,Qwen/Qwen2.5-7B-Instruct,single_stage_control,,,,,A,control,0.0,3.0625,0.3962859220444534,-3.343903945948325
logic_ind_002,logic,plain,Qwen/Qwen2.5-7B-Instruct,single_stage_control,,,,,A,control,2.0,2.875,0.39648487612477074,-3.033435641647266
logic_ind_002,logic,plain,Qwen/Qwen2.5-7B-Instruct,single_stage_control,,,,,A,control,4.0,2.6875,0.4930440009489422,-1.1284129553642739
logic_ind_002,logic,markdown,Qwen/Qwen2.5-7B-Instruct,two_stage,s2_swap_False,22.875,17.875,5.0,A,,,,,
logic_ind_002,logic,markdown,Qwen/Qwen2.5-7B-Instruct,two_stage,s2_swap_True,17.375,16.75,0.625,A,,,,,
logic_ind_002,logic,markdown,Qwen/Qwen2.5-7B-Instruct,single_stage_control,,,,,A,unknown,0.0,3.9375,0.16320604251036475,-2.7181886786802316
logic_ind_002,logic,markdown,Qwen/Qwen2.5-7B-Instruct,single_stage_control,,,,,A,unknown,2.0,3.0625,0.30585136751653985,-3.4444765342474994
logic_ind_002,logic,markdown,Qwen/Qwen2.5-7B-Instruct,single_stage_control,,,,,A,unknown,4.0,2.8125,0.35475314614932285,-2.398221720521157
logic_ind_002,logic,markdown,Qwen/Qwen2.5-7B-Instruct,single_stage_control,,,,,A,control,0.0,3.25,0.2968047410434725,-3.2526346018677614
logic_ind_002,logic,markdown,Qwen/Qwen2.5-7B-Instruct,single_stage_control,,,,,A,control,2.0,3.3125,0.23591331944793054,-3.3629033249685527
logic_ind_002,logic,markdown,Qwen/Qwen2.5-7B-Instruct,single_stage_control,,,,,A,control,4.0,3.5625,0.20677492965957533,-3.729352686535657
logic_ind_003,logic,plain,Qwen/Qwen2.5-7B-Instruct,two_stage,s2_swap_False,29.125,20.5,8.625,A,,,,,
logic_ind_003,logic,plain,Qwen/Qwen2.5-7B-Instruct,two_stage,s2_swap_True,21.125,26.5,-5.375,A,,,,,
logic_ind_003,logic,plain,Qwen/Qwen2.5-7B-Instruct,single_stage_control,,,,,A,unknown,0.0,5.375,0.04818194874790588,-4.882148361186388
logic_ind_003,logic,plain,Qwen/Qwen2.5-7B-Instruct,single_stage_control,,,,,A,unknown,2.0,4.625,0.08821338174923983,-6.452251775322914
logic_ind_003,logic,plain,Qwen/Qwen2.5-7B-Instruct,single_stage_control,,,,,A,unknown,4.0,4.625,0.10138699932548254,-3.891929082742756
logic_ind_003,logic,plain,Qwen/Qwen2.5-7B-Instruct,single_stage_control,,,,,A,control,0.0,5.5625,0.05227430328585572,-5.007819720912327
logic_ind_003,logic,plain,Qwen/Qwen2.5-7B-Instruct,single_stage_control,,,,,A,control,2.0,4.875,0.08188660954586542,-5.450918901782597
logic_ind_003,logic,plain,Qwen/Qwen2.5-7B-Instruct,single_stage_control,,,,,A,control,4.0,5.1875,0.08141410638032227,-3.5129018148475453
logic_ind_003,logic,markdown,Qwen/Qwen2.5-7B-Instruct,two_stage,s2_swap_False,27.375,19.375,8.0,A,,,,,
logic_ind_003,logic,markdown,Qwen/Qwen2.5-7B-Instruct,two_stage,s2_swap_True,23.25,23.0,0.25,A,,,,,
logic_ind_003,logic,markdown,Qwen/Qwen2.5-7B-Instruct,single_stage_control,,,,,A,unknown,0.0,5.125,0.0792036927327904,-4.887723034522011
logic_ind_003,logic,markdown,Qwen/Qwen2.5-7B-Instruct,single_stage_control,,,,,A,unknown,2.0,5.125,0.06749466495206359,-6.010534434331138
logic_ind_003,logic,markdown,Qwen/Qwen2.5-7B-Instruct,single_stage_control,,,,,A,unknown,4.0,4.875,0.09015992162418639,-4.639798058646445
logic_ind_003,logic,markdown,Qwen/Qwen2.5-7B-Instruct,single_stage_control,,,,,A,control,0.0,4.625,0.08483658649725981,-5.451666038201314
logic_ind_003,logic,markdown,Qwen/Qwen2.5-7B-Instruct,single_stage_control,,,,,A,control,2.0,4.8125,0.08079958252382684,-5.513195153835728
logic_ind_003,logic,markdown,Qwen/Qwen2.5-7B-Instruct,single_stage_control,,,,,A,control,4.0,5.0,0.06967199816552526,-4.948477408660288
logic_ind_004,logic,plain,Qwen/Qwen2.5-7B-Instruct,two_stage,s2_swap_False,20.5,21.25,-0.75,B,,,,,
logic_ind_004,logic,plain,Qwen/Qwen2.5-7B-Instruct,two_stage,s2_swap_True,21.25,20.25,1.0,B,,,,,
logic_ind_004,logic,plain,Qwen/Qwen2.5-7B-Instruct,single_stage_control,,,,,B,unknown,0.0,6.0,0.017930792326561744,-9.877529581489302
logic_ind_004,logic,plain,Qwen/Qwen2.5-7B-Instruct,single_stage_control,,,,,B,unknown,2.0,7.375,0.006866479284293184,-9.188281556225817
logic_ind_004,logic,plain,Qwen/Qwen2.5-7B-Instruct,single_stage_control,,,,,B,unknown,4.0,5.25,0.035780089271137586,-5.380558917122791
logic_ind_004,logic,plain,Qwen/Qwen2.5-7B-Instruct,single_stage_control,,,,,B,control,0.0,2.25,0.31774362746700757,-7.538025242757072
logic_ind_004,logic,plain,Qwen/Qwen2.5-7B-Instruct,single_stage_control,,,,,B,control,2.0,4.75,0.053681987088644925,-7.1965795997317095
logic_ind_004,logic,plain,Qwen/Qwen2.5-7B-Instruct,single_stage_control,,,,,B,control,4.0,2.75,0.23997785985341805,-1.9385891936763286
logic_ind_004,logic,markdown,Qwen/Qwen2.5-7B-Instruct,two_stage,s2_swap_False,21.25,19.375,1.875,B,,,,,
logic_ind_004,logic,markdown,Qwen/Qwen2.5-7B-Instruct,two_stage,s2_swap_True,20.375,19.5,0.875,B,,,,,
logic_ind_004,logic,markdown,Qwen/Qwen2.5-7B-Instruct,single_stage_control,,,,,B,unknown,0.0,2.375,0.3047663238433933,-6.0282140663923585
logic_ind_004,logic,markdown,Qwen/Qwen2.5-7B-Instruct,single_stage_control,,,,,B,unknown,2.0,1.25,0.6075078538095916,-3.8917382370723566
logic_ind_004,logic,markdown,Qwen/Qwen2.5-7B-Instruct,single_stage_control,,,,,B,unknown,4.0,1.375,0.5513075290980007,-2.983503066982802
logic_ind_004,logic,markdown,Qwen/Qwen2.5-7B-Instruct,single_stage_control,,,,,B,control,0.0,0.625,0.6750807811104063,-5.433113200961927
logic_ind_004,logic,markdown,Qwen/Qwen2.5-7B-Instruct,single_stage_control,,,,,B,control,2.0,1.0,0.6270211233182668,-4.695985584244369
logic_ind_004,logic,markdown,Qwen/Qwen2.5-7B-Instruct,single_stage_control,,,,,B,control,4.0,1.25,0.5633022935611627,-3.382083234751761
logic_ind_005,logic,plain,Qwen/Qwen2.5-7B-Instruct,two_stage,s2_swap_False,22.875,20.25,2.625,B,,,,,
logic_ind_005,logic,plain,Qwen/Qwen2.5-7B-Instruct,two_stage,s2_swap_True,19.75,24.375,-4.625,B,,,,,
logic_ind_005,logic,plain,Qwen/Qwen2.5-7B-Instruct,single_stage_control,,,,,B,unknown,0.0,1.0,0.8005953194172145,-5.637782629334151
logic_ind_005,logic,plain,Qwen/Qwen2.5-7B-Instruct,single_stage_control,,,,,B,unknown,2.0,2.625,0.38681590453201997,-3.727619966969101
logic_ind_005,logic,plain,Qwen/Qwen2.5-7B-Instruct,single_stage_control,,,,,B,unknown,4.0,1.375,0.7410467650952639,-1.6711919476321278
logic_ind_005,logic,plain,Qwen/Qwen2.5-7B-Instruct,single_stage_control,,,,,B,control,0.0,1.75,0.9037394547135958,-2.4601626112154804
logic_ind_005,logic,plain,Qwen/Qwen2.5-7B-Instruct,single_stage_control,,,,,B,control,2.0,2.5,0.5264180492104585,-1.642850482210612
logic_ind_005,logic,plain,Qwen/Qwen2.5-7B-Instruct,single_stage_control,,,,,B,control,4.0,0.875,1.051076835553142,0.10073166819318402
logic_ind_005,logic,markdown,Qwen/Qwen2.5-7B-Instruct,two_stage,s2_swap_False,21.5,17.375,4.125,B,,,,,
logic_ind_005,logic,markdown,Qwen/Qwen2.5-7B-Instruct,two_stage,s2_swap_True,19.375,19.375,0.0,B,,,,,
logic_ind_005,logic,markdown,Qwen/Qwen2.5-7B-Instruct,single_stage_control,,,,,B,unknown,0.0,0.625,1.1102988067003134,-3.8161754288449856
logic_ind_005,logic,markdown,Qwen/Qwen2.5-7B-Instruct,single_stage_control,,,,,B,unknown,2.0,1.25,1.0324856650980572,-1.1154581650913968
logic_ind_005,logic,markdown,Qwen/Qwen2.5-7B-Instruct,single_stage_control,,,,,B,unknown,4.0,1.0,1.082461946597836,-1.9035135613174141
logic_ind_005,logic,markdown,Qwen/Qwen2.5-7B-Instruct,single_stage_control,,,,,B,control,0.0,0.875,1.070280116978322,-2.284879580252724
logic_ind_005,logic,markdown,Qwen/Qwen2.5-7B-Instruct,single_stage_control,,,,,B,control,2.0,1.625,0.8117027465880736,-1.1681969680986661
logic_ind_005,logic,markdown,Qwen/Qwen2.5-7B-Instruct,single_stage_control,,,,,B,control,4.0,1.0,1.1312073657817028,-1.1870443302230136
logic_ind_006,logic,plain,Qwen/Qwen2.5-7B-Instruct,two_stage,s2_swap_False,27.125,20.625,6.5,A,,,,,
logic_ind_006,logic,plain,Qwen/Qwen2.5-7B-Instruct,two_stage,s2_swap_True,19.375,24.375,-5.0,A,,,,,
logic_ind_006,logic,plain,Qwen/Qwen2.5-7B-Instruct,single_stage_control,,,,,A,unknown,0.0,2.625,0.4744521368682194,-0.6319037886481702
logic_ind_006,logic,plain,Qwen/Qwen2.5-7B-Instruct,single_stage_control,,,,,A,unknown,2.0,0.25,1.1319574549359297,-1.906862136450929
logic_ind_006,logic,plain,Qwen/Qwen2.5-7B-Instruct,single_stage_control,,,,,A,unknown,4.0,0.75,1.0167053657999456,2.950768392828966
logic_ind_006,logic,plain,Qwen/Qwen2.5-7B-Instruct,single_stage_control,,,,,A,control,0.0,0.375,1.2689877672550165,-1.357385760677218
logic_ind_006,logic,plain,Qwen/Qwen2.5-7B-Instruct,single_stage_control,,,,,A,control,2.0,0.875,1.2151117465411905,-1.1839314135560244
logic_ind_006,logic,plain,Qwen/Qwen2.5-7B-Instruct,single_stage_control,,,,,A,control,4.0,0.25,1.2152605138694506,2.4082370715438834
logic_ind_006,logic,markdown,Qwen/Qwen2.5-7B-Instruct,two_stage,s2_swap_False,25.0,19.5,5.5,A,,,,,
logic_ind_006,logic,markdown,Qwen/Qwen2.5-7B-Instruct,two_stage,s2_swap_True,19.625,20.125,-0.5,A,,,,,
logic_ind_006,logic,markdown,Qwen/Qwen2.5-7B-Instruct,single_stage_control,,,,,A,unknown,0.0,0.375,1.1248523944896802,-1.20796308460071
logic_ind_006,logic,markdown,Qwen/Qwen2.5-7B-Instruct,single_stage_control,,,,,A,unknown,2.0,0.25,1.228925829652197,-0.5944008440468096
logic_ind_006,logic,markdown,Qwen/Qwen2.5-7B-Instruct,single_stage_control,,,,,A,unknown,4.0,1.25,1.127819136403582,3.0866847018324677
logic_ind_006,logic,markdown,Qwen/Qwen2.5-7B-Instruct,single_stage_control,,,,,A,control,0.0,0.375,1.1083499504052123,-0.5663448100045585
logic_ind_006,logic,markdown,Qwen/Qwen2.5-7B-Instruct,single_stage_control,,,,,A,control,2.0,0.9375,0.8032406488862239,-2.637124229986277
logic_ind_006,logic,markdown,Qwen/Qwen2.5-7B-Instruct,single_stage_control,,,,,A,control,4.0,0.5,0.9532989111576944,0.43542481215294515
logic_ind_007,logic,plain,Qwen/Qwen2.5-7B-Instruct,two_stage,s2_swap_False,24.375,19.625,4.75,D,,,,,
logic_ind_007,logic,plain,Qwen/Qwen2.5-7B-Instruct,two_stage,s2_swap_True,18.875,22.125,-3.25,D,,,,,
logic_ind_007,logic,plain,Qwen/Qwen2.5-7B-Instruct,single_stage_control,,,,,D,unknown,0.0,1.25,0.5390130345784696,-3.8780242551849327
logic_ind_007,logic,plain,Qwen/Qwen2.5-7B-Instruct,single_stage_control,,,,,D,unknown,2.0,0.625,0.7010198289748005,-2.5634667044509136
logic_ind_007,logic,plain,Qwen/Qwen2.5-7B-Instruct,single_stage_control,,,,,D,unknown,4.0,2.125,0.40004415059282206,0.001928625726367983
logic_ind_007,logic,plain,Qwen/Qwen2.5-7B-Instruct,single_stage_control,,,,,D,control,0.0,0.0,0.9452624649539607,0.10572213401936992
logic_ind_007,logic,plain,Qwen/Qwen2.5-7B-Instruct,single_stage_control,,,,,D,control,2.0,0.5,0.868131891533898,-0.2789254010095661
logic_ind_007,logic,plain,Qwen/Qwen2.5-7B-Instruct,single_stage_control,,,,,D,control,4.0,3.0,0.31275378093488204,1.9275672197914773
logic_ind_007,logic,markdown,Qwen/Qwen2.5-7B-Instruct,two_stage,s2_swap_False,23.125,17.625,5.5,D,,,,,
logic_ind_007,logic,markdown,Qwen/Qwen2.5-7B-Instruct,two_stage,s2_swap_True,18.25,17.625,0.625,D,,,,,
logic_ind_007,logic,markdown,Qwen/Qwen2.5-7B-Instruct,single_stage_control,,,,,D,unknown,0.0,1.0,1.0392884237129767,-0.6198424916741061
logic_ind_007,logic,markdown,Qwen/Qwen2.5-7B-Instruct,single_stage_control,,,,,D,unknown,2.0,0.875,0.9150428107049918,0.42680501770880497
logic_ind_007,logic,markdown,Qwen/Qwen2.5-7B-Instruct,single_stage_control,,,,,D,unknown,4.0,2.8125,0.37847987180955256,1.0324986309371482
logic_ind_007,logic,markdown,Qwen/Qwen2.5-7B-Instruct,single_stage_control,,,,,D,control,0.0,0.75,1.069601364309889,-0.6184324096328027
logic_ind_007,logic,markdown,Qwen/Qwen2.5-7B-Instruct,single_stage_control,,,,,D,control,2.0,1.375,1.0277459198852454,0.9190069109213432
logic_ind_007,logic,markdown,Qwen/Qwen2.5-7B-Instruct,single_stage_control,,,,,D,control,4.0,3.0625,0.3889530175259006,1.6563885600028243
logic_ind_008,logic,plain,Qwen/Qwen2.5-7B-Instruct,two_stage,s2_swap_False,25.5,21.125,4.375,C,,,,,
logic_ind_008,logic,plain,Qwen/Qwen2.5-7B-Instruct,two_stage,s2_swap_True,21.875,21.75,0.125,C,,,,,
logic_ind_008,logic,plain,Qwen/Qwen2.5-7B-Instruct,single_stage_control,,,,,C,unknown,0.0,0.375,1.1451946542737808,0.8807053238846443
logic_ind_008,logic,plain,Qwen/Qwen2.5-7B-Instruct,single_stage_control,,,,,C,unknown,2.0,0.125,1.2749527015005975,-0.7421287297238095
logic_ind_008,logic,plain,Qwen/Qwen2.5-7B-Instruct,single_stage_control,,,,,C,unknown,4.0,0.3125,1.3184688447653936,3.2935940904756063
logic_ind_008,logic,plain,Qwen/Qwen2.5-7B-Instruct,single_stage_control,,,,,C,control,0.0,0.4375,1.2949683677198365,-0.09760270542430938
logic_ind_008,logic,plain,Qwen/Qwen2.5-7B-Instruct,single_stage_control,,,,,C,control,2.0,0.8125,1.2272858519118677,-1.3243619402760984
logic_ind_008,logic,plain,Qwen/Qwen2.5-7B-Instruct,single_stage_control,,,,,C,control,4.0,0.8125,1.228972745159448,2.8071536368458467
logic_ind_008,logic,markdown,Qwen/Qwen2.5-7B-Instruct,two_stage,s2_swap_False,23.125,19.875,3.25,C,,,,,
logic_ind_008,logic,markdown,Qwen/Qwen2.5-7B-Instruct,two_stage,s2_swap_True,20.25,17.25,3.0,C,,,,,
logic_ind_008,logic,markdown,Qwen/Qwen2.5-7B-Instruct,single_stage_control,,,,,C,unknown,0.0,0.875,1.0538233387606808,0.9797704062659314
logic_ind_008,logic,markdown,Qwen/Qwen2.5-7B-Instruct,single_stage_control,,,,,C,unknown,2.0,0.3125,1.2290106609704639,-0.030037228859850273
logic_ind_008,logic,markdown,Qwen/Qwen2.5-7B-Instruct,single_stage_control,,,,,C,unknown,4.0,0.625,1.1973617006815684,2.7436933107375516
logic_ind_008,logic,markdown,Qwen/Qwen2.5-7B-Instruct,single_stage_control,,,,,C,control,0.0,1.3125,1.020475200247777,-0.24981596835163522
logic_ind_008,logic,markdown,Qwen/Qwen2.5-7B-Instruct,single_stage_control,,,,,C,control,2.0,1.6875,0.9018775580903386,-0.3408602942680883
logic_ind_008,logic,markdown,Qwen/Qwen2.5-7B-Instruct,single_stage_control,,,,,C,control,4.0,1.625,0.9624178060267291,1.6844864678190419
logic_ind_009,logic,plain,Qwen/Qwen2.5-7B-Instruct,two_stage,s2_swap_False,26.125,19.5,6.625,B,,,,,
logic_ind_009,logic,plain,Qwen/Qwen2.5-7B-Instruct,two_stage,s2_swap_True,20.25,25.625,-5.375,B,,,,,
logic_ind_009,logic,plain,Qwen/Qwen2.5-7B-Instruct,single_stage_control,,,,,B,unknown,0.0,1.625,0.7251711478330997,-0.8801348700205693
logic_ind_009,logic,plain,Qwen/Qwen2.5-7B-Instruct,single_stage_control,,,,,B,unknown,2.0,0.3125,1.2012122254232596,-0.7388499507554513
logic_ind_009,logic,plain,Qwen/Qwen2.5-7B-Instruct,single_stage_control,,,,,B,unknown,4.0,0.6875,1.1173372350353155,1.9554127202748575
logic_ind_009,logic,plain,Qwen/Qwen2.5-7B-Instruct,single_stage_control,,,,,B,control,0.0,0.25,0.9477821693493962,0.5948273421613735
logic_ind_009,logic,plain,Qwen/Qwen2.5-7B-Instruct,single_stage_control,,,,,B,control,2.0,0.625,1.1291138967477614,0.11225178537367242
logic_ind_009,logic,plain,Qwen/Qwen2.5-7B-Instruct,single_stage_control,,,,,B,control,4.0,0.25,1.1680347069089005,2.6513699405507722
logic_ind_009,logic,markdown,Qwen/Qwen2.5-7B-Instruct,two_stage,s2_swap_False,23.125,19.625,3.5,B,,,,,
logic_ind_009,logic,markdown,Qwen/Qwen2.5-7B-Instruct,two_stage,s2_swap_True,20.0,21.25,-1.25,B,,,,,
logic_ind_009,logic,markdown,Qwen/Qwen2.5-7B-Instruct,single_stage_control,,,,,B,unknown,0.0,2.9375,0.48358878502054126,-1.6853351279874715
logic_ind_009,logic,markdown,Qwen/Qwen2.5-7B-Instruct,single_stage_control,,,,,B,unknown,2.0,2.375,0.6120988728561385,-1.9262893747092065
logic_ind_009,logic,markdown,Qwen/Qwen2.5-7B-Instruct,single_stage_control,,,,,B,unknown,4.0,2.5625,0.6363462453293639,1.0655560841658982
logic_ind_009,logic,markdown,Qwen/Qwen2.5-7B-Instruct,single_stage_control,,,,,B,control,0.0,3.0625,0.48802365029217043,-1.7489705073937714
logic_ind_009,logic,markdown,Qwen/Qwen2.5-7B-Instruct,single_stage_control,,,,,B,control,2.0,3.125,0.45718264277883924,-2.2383454838924166
logic_ind_009,logic,markdown,Qwen/Qwen2.5-7B-Instruct,single_stage_control,,,,,B,control,4.0,3.125,0.45616658729111936,0.3871803894988126
logic_ind_010,logic,plain,Qwen/Qwen2.5-7B-Instruct,two_stage,s2_swap_False,26.375,18.875,7.5,A,,,,,
logic_ind_010,logic,plain,Qwen/Qwen2.5-7B-Instruct,two_stage,s2_swap_True,20.375,23.5,-3.125,A,,,,,
logic_ind_010,logic,plain,Qwen/Qwen2.5-7B-Instruct,single_stage_control,,,,,A,unknown,0.0,3.25,0.2683500923591131,-4.434378309641534
logic_ind_010,logic,plain,Qwen/Qwen2.5-7B-Instruct,single_stage_control,,,,,A,unknown,2.0,1.875,0.6496632443187214,-4.459725464998364
logic_ind_010,logic,plain,Qwen/Qwen2.5-7B-Instruct,single_stage_control,,,,,A,unknown,4.0,1.125,0.7852641605150127,-1.0919697434569926
logic_ind_010,logic,plain,Qwen/Qwen2.5-7B-Instruct,single_stage_control,,,,,A,control,0.0,2.5625,0.6433057190247405,-1.3747822459596861
logic_ind_010,logic,plain,Qwen/Qwen2.5-7B-Instruct,single_stage_control,,,,,A,control,2.0,2.125,0.740067582762379,-2.863121694366413
logic_ind_010,logic,plain,Qwen/Qwen2.5-7B-Instruct,single_stage_control,,,,,A,control,4.0,0.25,0.961051926539483,-0.033488414775547426
logic_ind_010,logic,markdown,Qwen/Qwen2.5-7B-Instruct,two_stage,s2_swap_False,23.25,18.25,5.0,A,,,,,
logic_ind_010,logic,markdown,Qwen/Qwen2.5-7B-Instruct,two_stage,s2_swap_True,20.125,21.0,-0.875,A,,,,,
logic_ind_010,logic,markdown,Qwen/Qwen2.5-7B-Instruct,single_stage_control,,,,,A,unknown,0.0,3.75,0.21696674014164996,-5.293644402441853
logic_ind_010,logic,markdown,Qwen/Qwen2.5-7B-Instruct,single_stage_control,,,,,A,unknown,2.0,2.375,0.5253235585575065,-4.771440254210749
logic_ind_010,logic,markdown,Qwen/Qwen2.5-7B-Instruct,single_stage_control,,,,,A,unknown,4.0,2.875,0.4182892985567133,-2.228868526315104
logic_ind_010,logic,markdown,Qwen/Qwen2.5-7B-Instruct,single_stage_control,,,,,A,control,0.0,2.0625,0.7022677595109782,-3.033625302934439
logic_ind_010,logic,markdown,Qwen/Qwen2.5-7B-Instruct,single_stage_control,,,,,A,control,2.0,2.5,0.513872033186791,-4.138411521630363
logic_ind_010,logic,markdown,Qwen/Qwen2.5-7B-Instruct,single_stage_control,,,,,A,control,4.0,2.875,0.4920189210857058,-1.1262547746474247
logic_ind_011,logic,plain,Qwen/Qwen2.5-7B-Instruct,two_stage,s2_swap_False,23.625,20.0,3.625,C,,,,,
logic_ind_011,logic,plain,Qwen/Qwen2.5-7B-Instruct,two_stage,s2_swap_True,20.125,24.875,-4.75,C,,,,,
logic_ind_011,logic,plain,Qwen/Qwen2.5-7B-Instruct,single_stage_control,,,,,C,unknown,0.0,2.625,0.5330721295993346,-2.644537472552802
logic_ind_011,logic,plain,Qwen/Qwen2.5-7B-Instruct,single_stage_control,,,,,C,unknown,2.0,0.1875,1.0553847509625613,-3.3710125620412583
logic_ind_011,logic,plain,Qwen/Qwen2.5-7B-Instruct,single_stage_control,,,,,C,unknown,4.0,1.1875,1.061431538073772,0.513390608786132
logic_ind_011,logic,plain,Qwen/Qwen2.5-7B-Instruct,single_stage_control,,,,,C,control,0.0,0.25,0.8988006455221353,-1.3827559858107925
logic_ind_011,logic,plain,Qwen/Qwen2.5-7B-Instruct,single_stage_control,,,,,C,control,2.0,1.125,0.8562438017794493,-1.887013175342723
logic_ind_011,logic,plain,Qwen/Qwen2.5-7B-Instruct,single_stage_control,,,,,C,control,4.0,2.875,0.4458962247497983,2.0140998369247605
logic_ind_011,logic,markdown,Qwen/Qwen2.5-7B-Instruct,two_stage,s2_swap_False,22.25,20.125,2.125,C,,,,,
logic_ind_011,logic,markdown,Qwen/Qwen2.5-7B-Instruct,two_stage,s2_swap_True,19.75,21.625,-1.875,C,,,,,
logic_ind_011,logic,markdown,Qwen/Qwen2.5-7B-Instruct,single_stage_control,,,,,C,unknown,0.0,0.125,0.9788608705716229,-3.2911479384274784
logic_ind_011,logic,markdown,Qwen/Qwen2.5-7B-Instruct,single_stage_control,,,,,C,unknown,2.0,2.0625,0.5807061296292649,-3.1835843444623286
logic_ind_011,logic,markdown,Qwen/Qwen2.5-7B-Instruct,single_stage_control,,,,,C,unknown,4.0,1.125,0.8605982356007088,-0.12972592453963827
logic_ind_011,logic,markdown,Qwen/Qwen2.5-7B-Instruct,single_stage_control,,,,,C,control,0.0,3.6875,0.22528808671665454,-3.0457225677096
logic_ind_011,logic,markdown,Qwen/Qwen2.5-7B-Instruct,single_stage_control,,,,,C,control,2.0,2.625,0.4429369766503091,-1.8682630047600668
logic_ind_011,logic,markdown,Qwen/Qwen2.5-7B-Instruct,single_stage_control,,,,,C,control,4.0,1.625,0.7683100280306272,0.848498584010347
logic_ind_012,logic,plain,Qwen/Qwen2.5-7B-Instruct,two_stage,s2_swap_False,23.875,18.25,5.625,A,,,,,
logic_ind_012,logic,plain,Qwen/Qwen2.5-7B-Instruct,two_stage,s2_swap_True,18.375,21.375,-3.0,A,,,,,
logic_ind_012,logic,plain,Qwen/Qwen2.5-7B-Instruct,single_stage_control,,,,,A,unknown,0.0,3.4375,0.3722513990708559,-3.5226501779067796
logic_ind_012,logic,plain,Qwen/Qwen2.5-7B-Instruct,single_stage_control,,,,,A,unknown,2.0,2.875,0.4410912490541158,-3.734454017006037
logic_ind_012,logic,plain,Qwen/Qwen2.5-7B-Instruct,single_stage_control,,,,,A,unknown,4.0,2.625,0.5212524457341315,-2.389246820888541
logic_ind_012,logic,plain,Qwen/Qwen2.5-7B-Instruct,single_stage_control,,,,,A,control,0.0,3.125,0.3622507695997794,-3.8961856787542732
logic_ind_012,logic,plain,Qwen/Qwen2.5-7B-Instruct,single_stage_control,,,,,A,control,2.0,3.125,0.3046694481022357,-3.818396049213815
logic_ind_012,logic,plain,Qwen/Qwen2.5-7B-Instruct,single_stage_control,,,,,A,control,4.0,2.9375,0.4031599482147492,-2.2222357907402372
logic_ind_012,logic,markdown,Qwen/Qwen2.5-7B-Instruct,two_stage,s2_swap_False,23.625,17.875,5.75,A,,,,,
logic_ind_012,logic,markdown,Qwen/Qwen2.5-7B-Instruct,two_stage,s2_swap_True,18.125,18.0,0.125,A,,,,,
logic_ind_012,logic,markdown,Qwen/Qwen2.5-7B-Instruct,single_stage_control,,,,,A,unknown,0.0,3.625,0.2052280040702606,-2.916064479461518
logic_ind_012,logic,markdown,Qwen/Qwen2.5-7B-Instruct,single_stage_control,,,,,A,unknown,2.0,3.125,0.27857401237296114,-3.3122012842279496
logic_ind_012,logic,markdown,Qwen/Qwen2.5-7B-Instruct,single_stage_control,,,,,A,unknown,4.0,2.8125,0.3514158621112897,-2.272376975177689
logic_ind_012,logic,markdown,Qwen/Qwen2.5-7B-Instruct,single_stage_control,,,,,A,control,0.0,3.4375,0.264568391984734,-3.805785090388886
logic_ind_012,logic,markdown,Qwen/Qwen2.5-7B-Instruct,single_stage_control,,,,,A,control,2.0,3.375,0.21201894832909787,-3.60723460858339
logic_ind_012,logic,markdown,Qwen/Qwen2.5-7B-Instruct,single_stage_control,,,,,A,control,4.0,3.6875,0.19357368347908216,-3.8507057409297865
logic_ind_013,logic,plain,Qwen/Qwen2.5-7B-Instruct,two_stage,s2_swap_False,28.125,18.25,9.875,A,,,,,
logic_ind_013,logic,plain,Qwen/Qwen2.5-7B-Instruct,two_stage,s2_swap_True,21.25,24.5,-3.25,A,,,,,
logic_ind_013,logic,plain,Qwen/Qwen2.5-7B-Instruct,single_stage_control,,,,,A,unknown,0.0,6.5,0.021753369774591372,-5.127819201766144
logic_ind_013,logic,plain,Qwen/Qwen2.5-7B-Instruct,single_stage_control,,,,,A,unknown,2.0,5.875,0.03511241854113255,-7.067406277271196
logic_ind_013,logic,plain,Qwen/Qwen2.5-7B-Instruct,single_stage_control,,,,,A,unknown,4.0,5.5,0.056560106986790155,-5.32101629778337
logic_ind_013,logic,plain,Qwen/Qwen2.5-7B-Instruct,single_stage_control,,,,,A,control,0.0,5.8125,0.03635228767158758,-5.6301377390468765
logic_ind_013,logic,plain,Qwen/Qwen2.5-7B-Instruct,single_stage_control,,,,,A,control,2.0,5.5625,0.03893732831192593,-6.568140224104869
logic_ind_013,logic,plain,Qwen/Qwen2.5-7B-Instruct,single_stage_control,,,,,A,control,4.0,5.5625,0.04669867012738209,-5.381814223685794
logic_ind_013,logic,markdown,Qwen/Qwen2.5-7B-Instruct,two_stage,s2_swap_False,26.625,18.5,8.125,A,,,,,
logic_ind_013,logic,markdown,Qwen/Qwen2.5-7B-Instruct,two_stage,s2_swap_True,22.0,21.125,0.875,A,,,,,
logic_ind_013,logic,markdown,Qwen/Qwen2.5-7B-Instruct,single_stage_control,,,,,A,unknown,0.0,5.375,0.054608064765208734,-5.695662287344664
logic_ind_013,logic,markdown,Qwen/Qwen2.5-7B-Instruct,single_stage_control,,,,,A,unknown,2.0,5.0625,0.06157089720135265,-6.322024665584696
logic_ind_013,logic,markdown,Qwen/Qwen2.5-7B-Instruct,single_stage_control,,,,,A,unknown,4.0,5.0625,0.06301490637884395,-6.197277016047661
logic_ind_013,logic,markdown,Qwen/Qwen2.5-7B-Instruct,single_stage_control,,,,,A,control,0.0,4.75,0.07693006310615508,-6.075033461359354
logic_ind_013,logic,markdown,Qwen/Qwen2.5-7B-Instruct,single_stage_control,,,,,A,control,2.0,4.75,0.07614890983212194,-6.012420816184385
logic_ind_013,logic,markdown,Qwen/Qwen2.5-7B-Instruct,single_stage_control,,,,,A,control,4.0,5.125,0.05806571953393151,-6.383898730079974
logic_ind_014,logic,plain,Qwen/Qwen2.5-7B-Instruct,two_stage,s2_swap_False,20.375,20.375,0.0,B,,,,,
logic_ind_014,logic,plain,Qwen/Qwen2.5-7B-Instruct,two_stage,s2_swap_True,20.5,19.75,0.75,B,,,,,
logic_ind_014,logic,plain,Qwen/Qwen2.5-7B-Instruct,single_stage_control,,,,,B,unknown,0.0,3.875,0.10172817624381394,-8.895783672856592
logic_ind_014,logic,plain,Qwen/Qwen2.5-7B-Instruct,single_stage_control,,,,,B,unknown,2.0,3.375,0.16873967960601038,-5.786872692232375
logic_ind_014,logic,plain,Qwen/Qwen2.5-7B-Instruct,single_stage_control,,,,,B,unknown,4.0,1.5,0.5037133947988862,-3.205752126844768
logic_ind_014,logic,plain,Qwen/Qwen2.5-7B-Instruct,single_stage_control,,,,,B,control,0.0,0.375,0.6877585389353876,-6.524722387550426
logic_ind_014,logic,plain,Qwen/Qwen2.5-7B-Instruct,single_stage_control,,,,,B,control,2.0,1.375,0.5449898692382937,-4.857281803392539
logic_ind_014,logic,plain,Qwen/Qwen2.5-7B-Instruct,single_stage_control,,,,,B,control,4.0,0.375,0.7217659451199293,-1.5310189468949922
logic_ind_014,logic,markdown,Qwen/Qwen2.5-7B-Instruct,two_stage,s2_swap_False,22.0,20.125,1.875,B,,,,,
logic_ind_014,logic,markdown,Qwen/Qwen2.5-7B-Instruct,two_stage,s2_swap_True,20.5,20.375,0.125,B,,,,,
logic_ind_014,logic,markdown,Qwen/Qwen2.5-7B-Instruct,single_stage_control,,,,,B,unknown,0.0,0.375,0.7013479121466055,-5.652010014372209
logic_ind_014,logic,markdown,Qwen/Qwen2.5-7B-Instruct,single_stage_control,,,,,B,unknown,2.0,1.25,0.6127016015121702,-3.642944779064454
logic_ind_014,logic,markdown,Qwen/Qwen2.5-7B-Instruct,single_stage_control,,,,,B,unknown,4.0,0.75,0.7003289291249631,-2.525576666378342
logic_ind_014,logic,markdown,Qwen/Qwen2.5-7B-Instruct,single_stage_control,,,,,B,control,0.0,3.0,0.20487485371597758,-6.737879038033839
logic_ind_014,logic,markdown,Qwen/Qwen2.5-7B-Instruct,single_stage_control,,,,,B,control,2.0,2.4375,0.31274834323817574,-5.401314719037167
logic_ind_014,logic,markdown,Qwen/Qwen2.5-7B-Instruct,single_stage_control,,,,,B,control,4.0,2.375,0.3294400251119273,-3.782348503831809
logic_ind_015,logic,plain,Qwen/Qwen2.5-7B-Instruct,two_stage,s2_swap_False,23.5,18.5,5.0,B,,,,,
logic_ind_015,logic,plain,Qwen/Qwen2.5-7B-Instruct,two_stage,s2_swap_True,20.25,24.625,-4.375,B,,,,,
logic_ind_015,logic,plain,Qwen/Qwen2.5-7B-Instruct,single_stage_control,,,,,B,unknown,0.0,1.75,0.667665879842368,-5.4891558555267785
logic_ind_015,logic,plain,Qwen/Qwen2.5-7B-Instruct,single_stage_control,,,,,B,unknown,2.0,2.8125,0.4431378418459472,-2.6745202830317183
logic_ind_015,logic,plain,Qwen/Qwen2.5-7B-Instruct,single_stage_control,,,,,B,unknown,4.0,1.25,0.9177796235416915,-1.3814072093228376
logic_ind_015,logic,plain,Qwen/Qwen2.5-7B-Instruct,single_stage_control,,,,,B,control,0.0,1.8125,0.8174214975694283,-3.2229118285291776
logic_ind_015,logic,plain,Qwen/Qwen2.5-7B-Instruct,single_stage_control,,,,,B,control,2.0,3.375,0.33433412359150866,-2.0117400591481065
logic_ind_015,logic,plain,Qwen/Qwen2.5-7B-Instruct,single_stage_control,,,,,B,control,4.0,1.75,0.937993644640713,-0.10944080980288362
logic_ind_015,logic,markdown,Qwen/Qwen2.5-7B-Instruct,two_stage,s2_swap_False,22.75,17.75,5.0,B,,,,,
logic_ind_015,logic,markdown,Qwen/Qwen2.5-7B-Instruct,two_stage,s2_swap_True,19.625,20.25,-0.625,B,,,,,
logic_ind_015,logic,markdown,Qwen/Qwen2.5-7B-Instruct,single_stage_control,,,,,B,unknown,0.0,1.625,0.9544248155583422,-4.435221455951144
logic_ind_015,logic,markdown,Qwen/Qwen2.5-7B-Instruct,single_stage_control,,,,,B,unknown,2.0,1.375,0.9976242913129941,-1.9801515200181292
logic_ind_015,logic,markdown,Qwen/Qwen2.5-7B-Instruct,single_stage_control,,,,,B,unknown,4.0,0.6875,1.1383207969452147,-2.3721820613431355
logic_ind_015,logic,markdown,Qwen/Qwen2.5-7B-Instruct,single_stage_control,,,,,B,control,0.0,0.125,1.0371867516142872,-3.1277614733455508
logic_ind_015,logic,markdown,Qwen/Qwen2.5-7B-Instruct,single_stage_control,,,,,B,control,2.0,0.8125,0.8517436049692103,-1.556665603508801
logic_ind_015,logic,markdown,Qwen/Qwen2.5-7B-Instruct,single_stage_control,,,,,B,control,4.0,0.0625,1.0275487705663515,-1.8986956842636005
logic_ind_016,logic,plain,Qwen/Qwen2.5-7B-Instruct,two_stage,s2_swap_False,26.125,19.875,6.25,A,,,,,
logic_ind_016,logic,plain,Qwen/Qwen2.5-7B-Instruct,two_stage,s2_swap_True,18.75,23.25,-4.5,A,,,,,
logic_ind_016,logic,plain,Qwen/Qwen2.5-7B-Instruct,single_stage_control,,,,,A,unknown,0.0,2.875,0.3530383566628247,-1.711819961838433
logic_ind_016,logic,plain,Qwen/Qwen2.5-7B-Instruct,single_stage_control,,,,,A,unknown,2.0,0.625,1.1516230920569908,-1.4190804295494281
logic_ind_016,logic,plain,Qwen/Qwen2.5-7B-Instruct,single_stage_control,,,,,A,unknown,4.0,0.375,1.1436635106257593,1.532035515703459
logic_ind_016,logic,plain,Qwen/Qwen2.5-7B-Instruct,single_stage_control,,,,,A,control,0.0,1.0625,1.0949225171476058,-2.3027077235265416
logic_ind_016,logic,plain,Qwen/Qwen2.5-7B-Instruct,single_stage_control,,,,,A,control,2.0,0.0,1.0427565995883725,-2.001208575959975
logic_ind_016,logic,plain,Qwen/Qwen2.5-7B-Instruct,single_stage_control,,,,,A,control,4.0,0.375,1.2497091222118364,0.7102371076092808
logic_ind_016,logic,markdown,Qwen/Qwen2.5-7B-Instruct,two_stage,s2_swap_False,25.75,19.75,6.0,A,,,,,
logic_ind_016,logic,markdown,Qwen/Qwen2.5-7B-Instruct,two_stage,s2_swap_True,19.0,20.375,-1.375,A,,,,,
logic_ind_016,logic,markdown,Qwen/Qwen2.5-7B-Instruct,single_stage_control,,,,,A,unknown,0.0,0.625,1.268086968312937,-1.9087397346424027
logic_ind_016,logic,markdown,Qwen/Qwen2.5-7B-Instruct,single_stage_control,,,,,A,unknown,2.0,0.375,1.0074343001344044,-1.6309085068063638
logic_ind_016,logic,markdown,Qwen/Qwen2.5-7B-Instruct,single_stage_control,,,,,A,unknown,4.0,0.25,1.1181527573045427,2.1302429708118638
logic_ind_016,logic,markdown,Qwen/Qwen2.5-7B-Instruct,single_stage_control,,,,,A,control,0.0,1.25,0.8138323707050094,-1.8949424075348738
logic_ind_016,logic,markdown,Qwen/Qwen2.5-7B-Instruct,single_stage_control,,,,,A,control,2.0,1.3125,0.6912080387945386,-3.031343587339528
logic_ind_016,logic,markdown,Qwen/Qwen2.5-7B-Instruct,single_stage_control,,,,,A,control,4.0,1.125,0.8231571129609998,0.01917724359219264
logic_ind_017,logic,plain,Qwen/Qwen2.5-7B-Instruct,two_stage,s2_swap_False,24.25,18.125,6.125,D,,,,,
logic_ind_017,logic,plain,Qwen/Qwen2.5-7B-Instruct,two_stage,s2_swap_True,18.0,21.0,-3.0,D,,,,,
logic_ind_017,logic,plain,Qwen/Qwen2.5-7B-Instruct,single_stage_control,,,,,D,unknown,0.0,0.75,0.6550191740867456,-3.891103629882487
logic_ind_017,logic,plain,Qwen/Qwen2.5-7B-Instruct,single_stage_control,,,,,D,unknown,2.0,0.375,0.851647857329606,-2.0685243234510935
logic_ind_017,logic,plain,Qwen/Qwen2.5-7B-Instruct,single_stage_control,,,,,D,unknown,4.0,3.0,0.26610163684885324,-0.0616853942504747
logic_ind_017,logic,plain,Qwen/Qwen2.5-7B-Instruct,single_stage_control,,,,,D,control,0.0,0.8125,1.1101034534919656,-0.472534078104367
logic_ind_017,logic,plain,Qwen/Qwen2.5-7B-Instruct,single_stage_control,,,,,D,control,2.0,0.9375,1.1263545752196193,0.14556881111589348
logic_ind_017,logic,plain,Qwen/Qwen2.5-7B-Instruct,single_stage_control,,,,,D,control,4.0,3.375,0.285470989947078,2.4375193969552207
logic_ind_017,logic,markdown,Qwen/Qwen2.5-7B-Instruct,two_stage,s2_swap_False,23.625,17.5,6.125,D,,,,,
logic_ind_017,logic,markdown,Qwen/Qwen2.5-7B-Instruct,two_stage,s2_swap_True,17.5,17.375,0.125,D,,,,,
logic_ind_017,logic,markdown,Qwen/Qwen2.5-7B-Instruct,single_stage_control,,,,,D,unknown,0.0,1.1875,1.0727496417330933,-1.1361117468194308
logic_ind_017,logic,markdown,Qwen/Qwen2.5-7B-Instruct,single_stage_control,,,,,D,unknown,2.0,0.5,1.1585758328932207,0.4956504381566713
logic_ind_017,logic,markdown,Qwen/Qwen2.5-7B-Instruct,single_stage_control,,,,,D,unknown,4.0,2.25,0.6486112430159945,2.05548227971088
logic_ind_017,logic,markdown,Qwen/Qwen2.5-7B-Instruct,single_stage_control,,,,,D,control,0.0,0.3125,1.0888210169498258,-1.0790852676864784
logic_ind_017,logic,markdown,Qwen/Qwen2.5-7B-Instruct,single_stage_control,,,,,D,control,2.0,0.3125,1.1704911133189357,0.9856021546585385
logic_ind_017,logic,markdown,Qwen/Qwen2.5-7B-Instruct,single_stage_control,,,,,D,control,4.0,1.625,0.7457803724485897,3.611010544719502
logic_ind_018,logic,plain,Qwen/Qwen2.5-7B-Instruct,two_stage,s2_swap_False,25.375,19.875,5.5,C,,,,,
logic_ind_018,logic,plain,Qwen/Qwen2.5-7B-Instruct,two_stage,s2_swap_True,21.75,21.375,0.375,C,,,,,
logic_ind_018,logic,plain,Qwen/Qwen2.5-7B-Instruct,single_stage_control,,,,,C,unknown,0.0,0.125,1.2602510736527646,0.8616669234645933
logic_ind_018,logic,plain,Qwen/Qwen2.5-7B-Instruct,single_stage_control,,,,,C,unknown,2.0,0.375,1.2526922837074135,-1.4822061140055673
logic_ind_018,logic,plain,Qwen/Qwen2.5-7B-Instruct,single_stage_control,,,,,C,unknown,4.0,0.1875,1.2885703127999928,2.1183826039201854
logic_ind_018,logic,plain,Qwen/Qwen2.5-7B-Instruct,single_stage_control,,,,,C,control,0.0,0.6875,1.2629314846497195,-0.2133938569609164
logic_ind_018,logic,plain,Qwen/Qwen2.5-7B-Instruct,single_stage_control,,,,,C,control,2.0,1.625,1.011325688481028,-1.9144328801729138
logic_ind_018,logic,plain,Qwen/Qwen2.5-7B-Instruct,single_stage_control,,,,,C,control,4.0,1.3125,1.0982364372805076,2.061094956582304
logic_ind_018,logic,markdown,Qwen/Qwen2.5-7B-Instruct,two_stage,s2_swap_False,23.875,19.875,4.0,C,,,,,
logic_ind_018,logic,markdown,Qwen/Qwen2.5-7B-Instruct,two_stage,s2_swap_True,20.375,17.5,2.875,C,,,,,
logic_ind_018,logic,markdown,Qwen/Qwen2.5-7B-Instruct,single_stage_control,,,,,C,unknown,0.0,0.9375,1.0336565082684719,0.7546524396226779
logic_ind_018,logic,markdown,Qwen/Qwen2.5-7B-Instruct,single_stage_control,,,,,C,unknown,2.0,1.1875,1.0465050145139725,-0.6620518133561308
logic_ind_018,logic,markdown,Qwen/Qwen2.5-7B-Instruct,single_stage_control,,,,,C,unknown,4.0,1.3125,0.9823230262140115,1.6504692552479838
logic_ind_018,logic,markdown,Qwen/Qwen2.5-7B-Instruct,single_stage_control,,,,,C,control,0.0,1.4375,0.9883456290729252,-0.7804596649360871
logic_ind_018,logic,markdown,Qwen/Qwen2.5-7B-Instruct,single_stage_control,,,,,C,control,2.0,2.1875,0.7116159954200325,-1.0997278972670461
logic_ind_018,logic,markdown,Qwen/Qwen2.5-7B-Instruct,single_stage_control,,,,,C,control,4.0,2.125,0.7363202215615527,0.5152476583835686
logic_ind_019,logic,plain,Qwen/Qwen2.5-7B-Instruct,two_stage,s2_swap_False,25.0,18.875,6.125,B,,,,,
logic_ind_019,logic,plain,Qwen/Qwen2.5-7B-Instruct,two_stage,s2_swap_True,19.75,25.75,-6.0,B,,,,,
logic_ind_019,logic,plain,Qwen/Qwen2.5-7B-Instruct,single_stage_control,,,,,B,unknown,0.0,1.5,0.7493186861735277,-1.7793113967843155
logic_ind_019,logic,plain,Qwen/Qwen2.5-7B-Instruct,single_stage_control,,,,,B,unknown,2.0,1.25,0.9708117171529742,-1.7888653633536062
logic_ind_019,logic,plain,Qwen/Qwen2.5-7B-Instruct,single_stage_control,,,,,B,unknown,4.0,0.4375,1.0809262671097977,1.5359894886658054
logic_ind_019,logic,plain,Qwen/Qwen2.5-7B-Instruct,single_stage_control,,,,,B,control,0.0,1.125,0.8185200908541912,-0.22917555118901234
logic_ind_019,logic,plain,Qwen/Qwen2.5-7B-Instruct,single_stage_control,,,,,B,control,2.0,2.3125,0.6351480773309979,-1.9991593152976765
logic_ind_019,logic,plain,Qwen/Qwen2.5-7B-Instruct,single_stage_control,,,,,B,control,4.0,1.6875,0.7780187070632945,1.6026192059355502
logic_ind_019,logic,markdown,Qwen/Qwen2.5-7B-Instruct,two_stage,s2_swap_False,24.5,20.125,4.375,B,,,,,
logic_ind_019,logic,markdown,Qwen/Qwen2.5-7B-Instruct,two_stage,s2_swap_True,20.625,22.125,-1.5,B,,,,,
logic_ind_019,logic,markdown,Qwen/Qwen2.5-7B-Instruct,single_stage_control,,,,,B,unknown,0.0,3.1875,0.42021471906968455,-1.5383111518327865
logic_ind_019,logic,markdown,Qwen/Qwen2.5-7B-Instruct,single_stage_control,,,,,B,unknown,2.0,3.1875,0.43678333451025086,-2.293586492604126
logic_ind_019,logic,markdown,Qwen/Qwen2.5-7B-Instruct,single_stage_control,,,,,B,unknown,4.0,2.9375,0.4856113730634659,0.9385903233825026
logic_ind_019,logic,markdown,Qwen/Qwen2.5-7B-Instruct,single_stage_control,,,,,B,control,0.0,3.4375,0.3781636688920197,-2.149538785938267
logic_ind_019,logic,markdown,Qwen/Qwen2.5-7B-Instruct,single_stage_control,,,,,B,control,2.0,3.625,0.2916961327650138,-2.9369660021946817
logic_ind_019,logic,markdown,Qwen/Qwen2.5-7B-Instruct,single_stage_control,,,,,B,control,4.0,3.5625,0.3264317811483525,-0.009035855535605819
logic_ind_020,logic,plain,Qwen/Qwen2.5-7B-Instruct,two_stage,s2_swap_False,25.625,17.875,7.75,A,,,,,
logic_ind_020,logic,plain,Qwen/Qwen2.5-7B-Instruct,two_stage,s2_swap_True,21.25,23.375,-2.125,A,,,,,
logic_ind_020,logic,plain,Qwen/Qwen2.5-7B-Instruct,single_stage_control,,,,,A,unknown,0.0,3.375,0.21170455803266072,-5.295173407263732
logic_ind_020,logic,plain,Qwen/Qwen2.5-7B-Instruct,single_stage_control,,,,,A,unknown,2.0,2.75,0.4615428375812524,-5.309848292989866
logic_ind_020,logic,plain,Qwen/Qwen2.5-7B-Instruct,single_stage_control,,,,,A,unknown,4.0,1.5,0.7435867440379454,-1.2803030122753007
logic_ind_020,logic,plain,Qwen/Qwen2.5-7B-Instruct,single_stage_control,,,,,A,control,0.0,2.5625,0.5392946467565249,-2.8971067248857416
logic_ind_020,logic,plain,Qwen/Qwen2.5-7B-Instruct,single_stage_control,,,,,A,control,2.0,2.625,0.4529932850272529,-4.430708010919357
logic_ind_020,logic,plain,Qwen/Qwen2.5-7B-Instruct,single_stage_control,,,,,A,control,4.0,0.875,0.8989400816068789,-0.4370787423940392
logic_ind_020,logic,markdown,Qwen/Qwen2.5-7B-Instruct,two_stage,s2_swap_False,23.875,18.25,5.625,A,,,,,
logic_ind_020,logic,markdown,Qwen/Qwen2.5-7B-Instruct,two_stage,s2_swap_True,20.25,21.375,-1.125,A,,,,,
logic_ind_020,logic,markdown,Qwen/Qwen2.5-7B-Instruct,single_stage_control,,,,,A,unknown,0.0,3.75,0.20178280251371916,-5.665345111825147
logic_ind_020,logic,markdown,Qwen/Qwen2.5-7B-Instruct,single_stage_control,,,,,A,unknown,2.0,2.125,0.5672057918221665,-4.2940034631897745
logic_ind_020,logic,markdown,Qwen/Qwen2.5-7B-Instruct,single_stage_control,,,,,A,unknown,4.0,2.6875,0.445696415746087,-2.4910898556461483
logic_ind_020,logic,markdown,Qwen/Qwen2.5-7B-Instruct,single_stage_control,,,,,A,control,0.0,1.9375,0.6641366980869995,-3.6483857019948367
logic_ind_020,logic,markdown,Qwen/Qwen2.5-7B-Instruct,single_stage_control,,,,,A,control,2.0,2.5,0.4468851872260334,-4.430371601146351
logic_ind_020,logic,markdown,Qwen/Qwen2.5-7B-Instruct,single_stage_control,,,,,A,control,4.0,2.8125,0.4944720722940664,-2.005682792123693
logic_ind_021,logic,plain,Qwen/Qwen2.5-7B-Instruct,two_stage,s2_swap_False,23.625,20.0,3.625,C,,,,,
logic_ind_021,logic,plain,Qwen/Qwen2.5-7B-Instruct,two_stage,s2_swap_True,20.25,25.125,-4.875,C,,,,,
logic_ind_021,logic,plain,Qwen/Qwen2.5-7B-Instruct,single_stage_control,,,,,C,unknown,0.0,2.75,0.4836764962992661,-2.6261649357992454
logic_ind_021,logic,plain,Qwen/Qwen2.5-7B-Instruct,single_stage_control,,,,,C,unknown,2.0,0.125,1.0519008857524061,-3.2085537015505814
logic_ind_021,logic,plain,Qwen/Qwen2.5-7B-Instruct,single_stage_control,,,,,C,unknown,4.0,1.3125,1.0009527690811297,0.4458608262083352
logic_ind_021,logic,plain,Qwen/Qwen2.5-7B-Instruct,single_stage_control,,,,,C,control,0.0,0.375,0.8667382562635063,-1.446710615713581
logic_ind_021,logic,plain,Qwen/Qwen2.5-7B-Instruct,single_stage_control,,,,,C,control,2.0,0.875,0.8910456201604319,-1.6982674192777765
logic_ind_021,logic,plain,Qwen/Qwen2.5-7B-Instruct,single_stage_control,,,,,C,control,4.0,3.0,0.4255407805505038,1.8965054971150614
logic_ind_021,logic,markdown,Qwen/Qwen2.5-7B-Instruct,two_stage,s2_swap_False,22.0,20.125,1.875,C,,,,,
logic_ind_021,logic,markdown,Qwen/Qwen2.5-7B-Instruct,two_stage,s2_swap_True,19.875,21.125,-1.25,C,,,,,
logic_ind_021,logic,markdown,Qwen/Qwen2.5-7B-Instruct,single_stage_control,,,,,C,unknown,0.0,0.125,0.9545082655607888,-3.2168781451802246
logic_ind_021,logic,markdown,Qwen/Qwen2.5-7B-Instruct,single_stage_control,,,,,C,unknown,2.0,1.875,0.5962415105869988,-3.2605272319521745
logic_ind_021,logic,markdown,Qwen/Qwen2.5-7B-Instruct,single_stage_control,,,,,C,unknown,4.0,1.4375,0.7654433897288411,-0.1709453930332927
logic_ind_021,logic,markdown,Qwen/Qwen2.5-7B-Instruct,single_stage_control,,,,,C,control,0.0,3.75,0.21852083057168678,-2.9814487097372258
logic_ind_021,logic,markdown,Qwen/Qwen2.5-7B-Instruct,single_stage_control,,,,,C,control,2.0,2.6875,0.432185143705611,-1.989013891361708
logic_ind_021,logic,markdown,Qwen/Qwen2.5-7B-Instruct,single_stage_control,,,,,C,control,4.0,1.3125,0.8576373312563728,1.4022907764099592
logic_ind_022,logic,plain,Qwen/Qwen2.5-7B-Instruct,two_stage,s2_swap_False,23.875,18.0,5.875,A,,,,,
logic_ind_022,logic,plain,Qwen/Qwen2.5-7B-Instruct,two_stage,s2_swap_True,18.25,21.25,-3.0,A,,,,,
logic_ind_022,logic,plain,Qwen/Qwen2.5-7B-Instruct,single_stage_control,,,,,A,unknown,0.0,3.4375,0.36702560513880056,-3.521070503321294
logic_ind_022,logic,plain,Qwen/Qwen2.5-7B-Instruct,single_stage_control,,,,,A,unknown,2.0,2.875,0.43648153109809,-3.795593580734945
logic_ind_022,logic,plain,Qwen/Qwen2.5-7B-Instruct,single_stage_control,,,,,A,unknown,4.0,2.625,0.5030354894886624,-2.44535335281852
logic_ind_022,logic,plain,Qwen/Qwen2.5-7B-Instruct,single_stage_control,,,,,A,control,0.0,3.125,0.36625576850097524,-3.8972715152629966
logic_ind_022,logic,plain,Qwen/Qwen2.5-7B-Instruct,single_stage_control,,,,,A,control,2.0,3.125,0.30169772277532153,-3.8176835386234007
logic_ind_022,logic,plain,Qwen/Qwen2.5-7B-Instruct,single_stage_control,,,,,A,control,4.0,3.0625,0.3695711739501749,-2.336288489573569
logic_ind_022,logic,markdown,Qwen/Qwen2.5-7B-Instruct,two_stage,s2_swap_False,23.25,17.75,5.5,A,,,,,
logic_ind_022,logic,markdown,Qwen/Qwen2.5-7B-Instruct,two_stage,s2_swap_True,18.125,18.0,0.125,A,,,,,
logic_ind_022,logic,markdown,Qwen/Qwen2.5-7B-Instruct,single_stage_control,,,,,A,unknown,0.0,3.75,0.19048449873993545,-3.0996905644432573
logic_ind_022,logic,markdown,Qwen/Qwen2.5-7B-Instruct,single_stage_control,,,,,A,unknown,2.0,3.125,0.28389768939357424,-3.25092715375796
logic_ind_022,logic,markdown,Qwen/Qwen2.5-7B-Instruct,single_stage_control,,,,,A,unknown,4.0,2.75,0.3775270686546708,-2.092850162095651
logic_ind_022,logic,markdown,Qwen/Qwen2.5-7B-Instruct,single_stage_control,,,,,A,control,0.0,3.4375,0.2707622993083194,-3.8072730942178854
logic_ind_022,logic,markdown,Qwen/Qwen2.5-7B-Instruct,single_stage_control,,,,,A,control,2.0,3.4375,0.20394778308269101,-3.4799258434259457
logic_ind_022,logic,markdown,Qwen/Qwen2.5-7B-Instruct,single_stage_control,,,,,A,control,4.0,3.6875,0.19769882499031152,-3.664068885872169
logic_ind_023,logic,plain,Qwen/Qwen2.5-7B-Instruct,two_stage,s2_swap_False,27.75,18.25,9.5,A,,,,,
logic_ind_023,logic,plain,Qwen/Qwen2.5-7B-Instruct,two_stage,s2_swap_True,21.0,24.25,-3.25,A,,,,,
logic_ind_023,logic,plain,Qwen/Qwen2.5-7B-Instruct,single_stage_control,,,,,A,unknown,0.0,6.4375,0.02246078913777283,-5.127925460301274
logic_ind_023,logic,plain,Qwen/Qwen2.5-7B-Instruct,single_stage_control,,,,,A,unknown,2.0,5.9375,0.030855285087469337,-7.316734528390906
logic_ind_023,logic,plain,Qwen/Qwen2.5-7B-Instruct,single_stage_control,,,,,A,unknown,4.0,5.5625,0.05018632360213254,-5.632390490500967
logic_ind_023,logic,plain,Qwen/Qwen2.5-7B-Instruct,single_stage_control,,,,,A,control,0.0,5.6875,0.03861597352831017,-5.505533727175887
logic_ind_023,logic,plain,Qwen/Qwen2.5-7B-Instruct,single_stage_control,,,,,A,control,2.0,5.5625,0.03728604612903259,-6.56788199780506
logic_ind_023,logic,plain,Qwen/Qwen2.5-7B-Instruct,single_stage_control,,,,,A,control,4.0,5.4375,0.052481278055147976,-5.132795820317117
logic_ind_023,logic,markdown,Qwen/Qwen2.5-7B-Instruct,two_stage,s2_swap_False,26.375,18.625,7.75,A,,,,,
logic_ind_023,logic,markdown,Qwen/Qwen2.5-7B-Instruct,two_stage,s2_swap_True,22.0,20.75,1.25,A,,,,,
logic_ind_023,logic,markdown,Qwen/Qwen2.5-7B-Instruct,single_stage_control,,,,,A,unknown,0.0,5.375,0.052044449533230744,-5.820246734427812
logic_ind_023,logic,markdown,Qwen/Qwen2.5-7B-Instruct,single_stage_control,,,,,A,unknown,2.0,5.0,0.0644107335338172,-6.322549154496656
logic_ind_023,logic,markdown,Qwen/Qwen2.5-7B-Instruct,single_stage_control,,,,,A,unknown,4.0,5.0,0.06721993963730873,-6.073024461881925
logic_ind_023,logic,markdown,Qwen/Qwen2.5-7B-Instruct,single_stage_control,,,,,A,control,0.0,4.875,0.0697388980846696,-6.1361234980090416
logic_ind_023,logic,markdown,Qwen/Qwen2.5-7B-Instruct,single_stage_control,,,,,A,control,2.0,4.75,0.07511466337163453,-6.074741884650734
logic_ind_023,logic,markdown,Qwen/Qwen2.5-7B-Instruct,single_stage_control,,,,,A,control,4.0,5.125,0.05691992123582303,-6.383719030331012
logic_ind_024,logic,plain,Qwen/Qwen2.5-7B-Instruct,two_stage,s2_swap_False,20.625,20.5,0.125,B,,,,,
logic_ind_024,logic,plain,Qwen/Qwen2.5-7B-Instruct,two_stage,s2_swap_True,20.5,19.625,0.875,B,,,,,
logic_ind_024,logic,plain,Qwen/Qwen2.5-7B-Instruct,single_stage_control,,,,,B,unknown,0.0,4.25,0.07576179861278894,-9.139341826379582
logic_ind_024,logic,plain,Qwen/Qwen2.5-7B-Instruct,single_stage_control,,,,,B,unknown,2.0,3.125,0.20170645278644828,-5.546854125153292
logic_ind_024,logic,plain,Qwen/Qwen2.5-7B-Instruct,single_stage_control,,,,,B,unknown,4.0,1.75,0.4496350067748372,-3.1648311546000976
logic_ind_024,logic,plain,Qwen/Qwen2.5-7B-Instruct,single_stage_control,,,,,B,control,0.0,0.75,0.6392986347958741,-6.638448330610494
logic_ind_024,logic,plain,Qwen/Qwen2.5-7B-Instruct,single_stage_control,,,,,B,control,2.0,1.5,0.5139135585909718,-4.645124572268685
logic_ind_024,logic,plain,Qwen/Qwen2.5-7B-Instruct,single_stage_control,,,,,B,control,4.0,0.125,0.7430585734079841,-1.2668199985194377
logic_ind_024,logic,markdown,Qwen/Qwen2.5-7B-Instruct,two_stage,s2_swap_False,22.0,20.125,1.875,B,,,,,
logic_ind_024,logic,markdown,Qwen/Qwen2.5-7B-Instruct,two_stage,s2_swap_True,20.375,20.125,0.25,B,,,,,
logic_ind_024,logic,markdown,Qwen/Qwen2.5-7B-Instruct,single_stage_control,,,,,B,unknown,0.0,0.5,0.6867849099549805,-5.790179965494428
logic_ind_024,logic,markdown,Qwen/Qwen2.5-7B-Instruct,single_stage_control,,,,,B,unknown,2.0,1.375,0.5807265635378053,-3.802687177530725
logic_ind_024,logic,markdown,Qwen/Qwen2.5-7B-Instruct,single_stage_control,,,,,B,unknown,4.0,1.0,0.6492267606250682,-2.6380009985082467
logic_ind_024,logic,markdown,Qwen/Qwen2.5-7B-Instruct,single_stage_control,,,,,B,control,0.0,3.0,0.20605951450924082,-6.613054001640901
logic_ind_024,logic,markdown,Qwen/Qwen2.5-7B-Instruct,single_stage_control,,,,,B,control,2.0,2.6875,0.2653367560889075,-5.444973751310929
logic_ind_024,logic,markdown,Qwen/Qwen2.5-7B-Instruct,single_stage_control,,,,,B,control,4.0,2.625,0.27739574503989495,-3.949345591758881
logic_ind_025,logic,plain,Qwen/Qwen2.5-7B-Instruct,two_stage,s2_swap_False,23.25,18.5,4.75,B,,,,,
logic_ind_025,logic,plain,Qwen/Qwen2.5-7B-Instruct,two_stage,s2_swap_True,20.125,24.375,-4.25,B,,,,,
logic_ind_025,logic,plain,Qwen/Qwen2.5-7B-Instruct,single_stage_control,,,,,B,unknown,0.0,1.375,0.7737188315680077,-5.257133333021894
logic_ind_025,logic,plain,Qwen/Qwen2.5-7B-Instruct,single_stage_control,,,,,B,unknown,2.0,2.75,0.44476446543689785,-2.6136741511173014
logic_ind_025,logic,plain,Qwen/Qwen2.5-7B-Instruct,single_stage_control,,,,,B,unknown,4.0,1.25,0.8519922374519708,-1.474513164203735
logic_ind_025,logic,plain,Qwen/Qwen2.5-7B-Instruct,single_stage_control,,,,,B,control,0.0,1.9375,0.8050067094770428,-3.024229610849744
logic_ind_025,logic,plain,Qwen/Qwen2.5-7B-Instruct,single_stage_control,,,,,B,control,2.0,3.5,0.32284424856274296,-2.0706560446751396
logic_ind_025,logic,plain,Qwen/Qwen2.5-7B-Instruct,single_stage_control,,,,,B,control,4.0,1.5625,0.9319177403823113,0.01330530620039383
logic_ind_025,logic,markdown,Qwen/Qwen2.5-7B-Instruct,two_stage,s2_swap_False,22.875,17.875,5.0,B,,,,,
logic_ind_025,logic,markdown,Qwen/Qwen2.5-7B-Instruct,two_stage,s2_swap_True,19.375,20.125,-0.75,B,,,,,
logic_ind_025,logic,markdown,Qwen/Qwen2.5-7B-Instruct,single_stage_control,,,,,B,unknown,0.0,1.625,0.9869559030749993,-4.3333200270206085
logic_ind_025,logic,markdown,Qwen/Qwen2.5-7B-Instruct,single_stage_control,,,,,B,unknown,2.0,1.3125,0.9761135896306671,-1.9096061866886274
logic_ind_025,logic,markdown,Qwen/Qwen2.5-7B-Instruct,single_stage_control,,,,,B,unknown,4.0,0.75,1.1064503610357075,-2.4587135119128654
logic_ind_025,logic,markdown,Qwen/Qwen2.5-7B-Instruct,single_stage_control,,,,,B,control,0.0,0.25,1.0112422609905685,-3.2467007404080253
logic_ind_025,logic,markdown,Qwen/Qwen2.5-7B-Instruct,single_stage_control,,,,,B,control,2.0,0.8125,0.8557591651665185,-1.6205110701521406
logic_ind_025,logic,markdown,Qwen/Qwen2.5-7B-Instruct,single_stage_control,,,,,B,control,4.0,0.0625,1.0392521003926527,-1.8418925674511968
logic_ind_026,logic,plain,Qwen/Qwen2.5-7B-Instruct,two_stage,s2_swap_False,26.125,19.5,6.625,A,,,,,
logic_ind_026,logic,plain,Qwen/Qwen2.5-7B-Instruct,two_stage,s2_swap_True,18.75,23.125,-4.375,A,,,,,
logic_ind_026,logic,plain,Qwen/Qwen2.5-7B-Instruct,single_stage_control,,,,,A,unknown,0.0,3.25,0.2796774323647866,-1.6880693936376652
logic_ind_026,logic,plain,Qwen/Qwen2.5-7B-Instruct,single_stage_control,,,,,A,unknown,2.0,0.8125,1.1208872735794677,-1.2853980847446245
logic_ind_026,logic,plain,Qwen/Qwen2.5-7B-Instruct,single_stage_control,,,,,A,unknown,4.0,0.375,1.1509248488493506,1.6504634578774073
logic_ind_026,logic,plain,Qwen/Qwen2.5-7B-Instruct,single_stage_control,,,,,A,control,0.0,0.9375,1.1325516821123929,-2.1165358390835713
logic_ind_026,logic,plain,Qwen/Qwen2.5-7B-Instruct,single_stage_control,,,,,A,control,2.0,0.0625,1.0359072510048464,-1.7793923313395688
logic_ind_026,logic,plain,Qwen/Qwen2.5-7B-Instruct,single_stage_control,,,,,A,control,4.0,0.4375,1.2468705873229309,0.7431248697255235
logic_ind_026,logic,markdown,Qwen/Qwen2.5-7B-Instruct,two_stage,s2_swap_False,25.625,19.5,6.125,A,,,,,
logic_ind_026,logic,markdown,Qwen/Qwen2.5-7B-Instruct,two_stage,s2_swap_True,19.125,20.5,-1.375,A,,,,,
logic_ind_026,logic,markdown,Qwen/Qwen2.5-7B-Instruct,single_stage_control,,,,,A,unknown,0.0,0.0,1.2627585893144817,-1.6154819808713299
logic_ind_026,logic,markdown,Qwen/Qwen2.5-7B-Instruct,single_stage_control,,,,,A,unknown,2.0,0.375,0.98326268001508,-1.431685998846568
logic_ind_026,logic,markdown,Qwen/Qwen2.5-7B-Instruct,single_stage_control,,,,,A,unknown,4.0,0.125,1.1035105867305592,1.9619530047860465
logic_ind_026,logic,markdown,Qwen/Qwen2.5-7B-Instruct,single_stage_control,,,,,A,control,0.0,1.125,0.8619885132758083,-1.371625818491374
logic_ind_026,logic,markdown,Qwen/Qwen2.5-7B-Instruct,single_stage_control,,,,,A,control,2.0,1.25,0.7072040531605456,-2.795532480813751
logic_ind_026,logic,markdown,Qwen/Qwen2.5-7B-Instruct,single_stage_control,,,,,A,control,4.0,1.0,0.8569055866058796,0.23304762650503363
logic_ind_027,logic,plain,Qwen/Qwen2.5-7B-Instruct,two_stage,s2_swap_False,24.375,18.5,5.875,D,,,,,
logic_ind_027,logic,plain,Qwen/Qwen2.5-7B-Instruct,two_stage,s2_swap_True,18.0,21.25,-3.25,D,,,,,
logic_ind_027,logic,plain,Qwen/Qwen2.5-7B-Instruct,single_stage_control,,,,,D,unknown,0.0,0.875,0.6230563729692885,-4.100865239345158
logic_ind_027,logic,plain,Qwen/Qwen2.5-7B-Instruct,single_stage_control,,,,,D,unknown,2.0,0.375,0.8206906129055855,-2.308163252854115
logic_ind_027,logic,plain,Qwen/Qwen2.5-7B-Instruct,single_stage_control,,,,,D,unknown,4.0,3.0,0.25215465972228296,-0.18380285870631852
logic_ind_027,logic,plain,Qwen/Qwen2.5-7B-Instruct,single_stage_control,,,,,D,control,0.0,0.6875,1.086571939562022,-0.22828315544125743
logic_ind_027,logic,plain,Qwen/Qwen2.5-7B-Instruct,single_stage_control,,,,,D,control,2.0,1.125,1.0765557905432839,0.21541080616989916
logic_ind_027,logic,plain,Qwen/Qwen2.5-7B-Instruct,single_stage_control,,,,,D,control,4.0,3.3125,0.27047272138932915,2.5660833266433336
logic_ind_027,logic,markdown,Qwen/Qwen2.5-7B-Instruct,two_stage,s2_swap_False,24.125,17.75,6.375,D,,,,,
logic_ind_027,logic,markdown,Qwen/Qwen2.5-7B-Instruct,two_stage,s2_swap_True,17.75,17.5,0.25,D,,,,,
logic_ind_027,logic,markdown,Qwen/Qwen2.5-7B-Instruct,single_stage_control,,,,,D,unknown,0.0,0.875,1.1077253021876765,-1.1315453208457136
logic_ind_027,logic,markdown,Qwen/Qwen2.5-7B-Instruct,single_stage_control,,,,,D,unknown,2.0,0.1875,1.1846777805280617,0.6150096055681509
logic_ind_027,logic,markdown,Qwen/Qwen2.5-7B-Instruct,single_stage_control,,,,,D,unknown,4.0,2.375,0.6237570921074678,2.1928121595895185
logic_ind_027,logic,markdown,Qwen/Qwen2.5-7B-Instruct,single_stage_control,,,,,D,control,0.0,0.4375,1.1115262412902203,-0.8017417463539704
logic_ind_027,logic,markdown,Qwen/Qwen2.5-7B-Instruct,single_stage_control,,,,,D,control,2.0,0.125,1.194220282430606,1.2658068957575992
logic_ind_027,logic,markdown,Qwen/Qwen2.5-7B-Instruct,single_stage_control,,,,,D,control,4.0,1.875,0.6726866798206885,3.5316766675691014
logic_ind_028,logic,plain,Qwen/Qwen2.5-7B-Instruct,two_stage,s2_swap_False,25.625,20.0,5.625,C,,,,,
logic_ind_028,logic,plain,Qwen/Qwen2.5-7B-Instruct,two_stage,s2_swap_True,21.875,21.875,0.0,C,,,,,
logic_ind_028,logic,plain,Qwen/Qwen2.5-7B-Instruct,single_stage_control,,,,,C,unknown,0.0,0.0,1.2470450832404947,0.7234165941192785
logic_ind_028,logic,plain,Qwen/Qwen2.5-7B-Instruct,single_stage_control,,,,,C,unknown,2.0,0.5,1.2296129957287854,-1.537168631601599
logic_ind_028,logic,plain,Qwen/Qwen2.5-7B-Instruct,single_stage_control,,,,,C,unknown,4.0,0.25,1.279671255224437,2.1561023725189354
logic_ind_028,logic,plain,Qwen/Qwen2.5-7B-Instruct,single_stage_control,,,,,C,control,0.0,0.8125,1.262428517246097,-0.1310072682073713
logic_ind_028,logic,plain,Qwen/Qwen2.5-7B-Instruct,single_stage_control,,,,,C,control,2.0,1.75,0.9866710895918651,-2.0189882806442423
logic_ind_028,logic,plain,Qwen/Qwen2.5-7B-Instruct,single_stage_control,,,,,C,control,4.0,1.375,1.07533675534233,2.0227756659264546
logic_ind_028,logic,markdown,Qwen/Qwen2.5-7B-Instruct,two_stage,s2_swap_False,23.75,19.75,4.0,C,,,,,
logic_ind_028,logic,markdown,Qwen/Qwen2.5-7B-Instruct,two_stage,s2_swap_True,20.25,17.75,2.5,C,,,,,
logic_ind_028,logic,markdown,Qwen/Qwen2.5-7B-Instruct,single_stage_control,,,,,C,unknown,0.0,1.0,1.0197535254511383,0.7746270930528638
logic_ind_028,logic,markdown,Qwen/Qwen2.5-7B-Instruct,single_stage_control,,,,,C,unknown,2.0,1.125,1.0616195277564695,-0.4944907811398398
logic_ind_028,logic,markdown,Qwen/Qwen2.5-7B-Instruct,single_stage_control,,,,,C,unknown,4.0,1.4375,0.9572527069029666,1.7396996566711156
logic_ind_028,logic,markdown,Qwen/Qwen2.5-7B-Instruct,single_stage_control,,,,,C,control,0.0,1.5,0.9638888498155769,-0.8225575235783378
logic_ind_028,logic,markdown,Qwen/Qwen2.5-7B-Instruct,single_stage_control,,,,,C,control,2.0,2.25,0.6904808888093299,-1.0898602538603548
logic_ind_028,logic,markdown,Qwen/Qwen2.5-7B-Instruct,single_stage_control,,,,,C,control,4.0,2.25,0.7101249671887532,0.6547094700941454
logic_ind_029,logic,plain,Qwen/Qwen2.5-7B-Instruct,two_stage,s2_swap_False,25.125,19.125,6.0,B,,,,,
logic_ind_029,logic,plain,Qwen/Qwen2.5-7B-Instruct,two_stage,s2_swap_True,20.0,25.5,-5.5,B,,,,,
logic_ind_029,logic,plain,Qwen/Qwen2.5-7B-Instruct,single_stage_control,,,,,B,unknown,0.0,1.875,0.611283914647674,-1.9482814587997126
logic_ind_029,logic,plain,Qwen/Qwen2.5-7B-Instruct,single_stage_control,,,,,B,unknown,2.0,1.125,0.9947042025071591,-1.819745071318419
logic_ind_029,logic,plain,Qwen/Qwen2.5-7B-Instruct,single_stage_control,,,,,B,unknown,4.0,0.5,1.0664733001898006,1.6904239869453725
logic_ind_029,logic,plain,Qwen/Qwen2.5-7B-Instruct,single_stage_control,,,,,B,control,0.0,1.0,0.8200342362357009,-0.06491790279910603
logic_ind_029,logic,plain,Qwen/Qwen2.5-7B-Instruct,single_stage_control,,,,,B,control,2.0,2.25,0.638388662075898,-1.9394510700159469
logic_ind_029,logic,plain,Qwen/Qwen2.5-7B-Instruct,single_stage_control,,,,,B,control,4.0,1.5625,0.8195350963033567,1.8869133250100347
logic_ind_029,logic,markdown,Qwen/Qwen2.5-7B-Instruct,two_stage,s2_swap_False,24.5,20.25,4.25,B,,,,,
logic_ind_029,logic,markdown,Qwen/Qwen2.5-7B-Instruct,two_stage,s2_swap_True,20.625,22.25,-1.625,B,,,,,
logic_ind_029,logic,markdown,Qwen/Qwen2.5-7B-Instruct,single_stage_control,,,,,B,unknown,0.0,3.375,0.38025563283919317,-1.77546873584809
logic_ind_029,logic,markdown,Qwen/Qwen2.5-7B-Instruct,single_stage_control,,,,,B,unknown,2.0,3.125,0.432312794925543,-2.417363775247516
logic_ind_029,logic,markdown,Qwen/Qwen2.5-7B-Instruct,single_stage_control,,,,,B,unknown,4.0,2.9375,0.5000549488424976,0.7456037140398841
logic_ind_029,logic,markdown,Qwen/Qwen2.5-7B-Instruct,single_stage_control,,,,,B,control,0.0,3.5,0.36655271520734045,-2.208359983721234
logic_ind_029,logic,markdown,Qwen/Qwen2.5-7B-Instruct,single_stage_control,,,,,B,control,2.0,3.5625,0.30072421677445305,-3.001998697253619
logic_ind_029,logic,markdown,Qwen/Qwen2.5-7B-Instruct,single_stage_control,,,,,B,control,4.0,3.5625,0.3180575464134829,-0.19426293613872403
logic_ind_030,logic,plain,Qwen/Qwen2.5-7B-Instruct,two_stage,s2_swap_False,25.5,17.875,7.625,A,,,,,
logic_ind_030,logic,plain,Qwen/Qwen2.5-7B-Instruct,two_stage,s2_swap_True,21.125,23.5,-2.375,A,,,,,
logic_ind_030,logic,plain,Qwen/Qwen2.5-7B-Instruct,single_stage_control,,,,,A,unknown,0.0,3.25,0.22534917521826314,-5.299518807202446
logic_ind_030,logic,plain,Qwen/Qwen2.5-7B-Instruct,single_stage_control,,,,,A,unknown,2.0,2.75,0.4639217685594969,-5.310407604526791
logic_ind_030,logic,plain,Qwen/Qwen2.5-7B-Instruct,single_stage_control,,,,,A,unknown,4.0,1.625,0.7215995667594903,-1.135294672582571
logic_ind_030,logic,plain,Qwen/Qwen2.5-7B-Instruct,single_stage_control,,,,,A,control,0.0,2.5,0.5682732466223344,-2.7839992350844405
logic_ind_030,logic,plain,Qwen/Qwen2.5-7B-Instruct,single_stage_control,,,,,A,control,2.0,2.625,0.45636650950177216,-4.307160999254101
logic_ind_030,logic,plain,Qwen/Qwen2.5-7B-Instruct,single_stage_control,,,,,A,control,4.0,1.0,0.8606232815606203,-0.39458302508285925
logic_ind_030,logic,markdown,Qwen/Qwen2.5-7B-Instruct,two_stage,s2_swap_False,23.875,18.5,5.375,A,,,,,
logic_ind_030,logic,markdown,Qwen/Qwen2.5-7B-Instruct,two_stage,s2_swap_True,20.25,21.375,-1.125,A,,,,,
logic_ind_030,logic,markdown,Qwen/Qwen2.5-7B-Instruct,single_stage_control,,,,,A,unknown,0.0,3.75,0.20911290105394703,-5.6671676100208686
logic_ind_030,logic,markdown,Qwen/Qwen2.5-7B-Instruct,single_stage_control,,,,,A,unknown,2.0,2.1875,0.5441222851962801,-4.2834773942775115
logic_ind_030,logic,markdown,Qwen/Qwen2.5-7B-Instruct,single_stage_control,,,,,A,unknown,4.0,2.6875,0.45109864862869337,-2.3049060133842865
logic_ind_030,logic,markdown,Qwen/Qwen2.5-7B-Instruct,single_stage_control,,,,,A,control,0.0,2.0,0.6533751808056933,-3.5787917791906487
logic_ind_030,logic,markdown,Qwen/Qwen2.5-7B-Instruct,single_stage_control,,,,,A,control,2.0,2.5,0.44306065676956835,-4.366821136173723
logic_ind_030,logic,markdown,Qwen/Qwen2.5-7B-Instruct,single_stage_control,,,,,A,control,4.0,2.8125,0.4944720722940664,-1.630682792123693
fac_ind_001,factual,plain,Qwen/Qwen2.5-7B-Instruct,two_stage,s2_swap_False,26.5,16.0,10.5,C,,,,,
fac_ind_001,factual,plain,Qwen/Qwen2.5-7B-Instruct,two_stage,s2_swap_True,17.0,25.25,-8.25,C,,,,,
fac_ind_001,factual,plain,Qwen/Qwen2.5-7B-Instruct,single_stage_control,,,,,C,unknown,0.0,8.125,0.0027299209597721453,-15.625297998909389
fac_ind_001,factual,plain,Qwen/Qwen2.5-7B-Instruct,single_stage_control,,,,,C,unknown,2.0,9.875,0.0005914679543581882,-14.000053648852617
fac_ind_001,factual,plain,Qwen/Qwen2.5-7B-Instruct,single_stage_control,,,,,C,unknown,4.0,9.875,0.0005830013367882755,-11.250053008805427
fac_ind_001,factual,plain,Qwen/Qwen2.5-7B-Instruct,single_stage_control,,,,,C,control,0.0,4.125,0.08182480252548714,-12.391048066299199
fac_ind_001,factual,plain,Qwen/Qwen2.5-7B-Instruct,single_stage_control,,,,,C,control,2.0,7.0,0.007527690622946524,-10.500930600332723
fac_ind_001,factual,plain,Qwen/Qwen2.5-7B-Instruct,single_stage_control,,,,,C,control,4.0,7.25,0.005886705302727286,-11.500712072917366
fac_ind_001,factual,markdown,Qwen/Qwen2.5-7B-Instruct,two_stage,s2_swap_False,27.375,17.375,10.0,C,,,,,
fac_ind_001,factual,markdown,Qwen/Qwen2.5-7B-Instruct,two_stage,s2_swap_True,17.875,21.375,-3.5,C,,,,,
fac_ind_001,factual,markdown,Qwen/Qwen2.5-7B-Instruct,single_stage_control,,,,,C,unknown,0.0,3.125,0.17760210414709407,-9.668331888384884
fac_ind_001,factual,markdown,Qwen/Qwen2.5-7B-Instruct,single_stage_control,,,,,C,unknown,2.0,4.0,0.0916440667595085,-9.518301748185312
fac_ind_001,factual,markdown,Qwen/Qwen2.5-7B-Instruct,single_stage_control,,,,,C,unknown,4.0,2.625,0.2487730499809892,-4.0700850734432805
fac_ind_001,factual,markdown,Qwen/Qwen2.5-7B-Instruct,single_stage_control,,,,,C,control,0.0,1.75,0.4249173647233255,-6.910876708116174
fac_ind_001,factual,markdown,Qwen/Qwen2.5-7B-Instruct,single_stage_control,,,,,C,control,2.0,1.5,0.48030317221471375,-7.2020316249762715
fac_ind_001,factual,markdown,Qwen/Qwen2.5-7B-Instruct,single_stage_control,,,,,C,control,4.0,0.375,0.6773495582185989,-4.398274129659889
fac_ind_002,factual,plain,Qwen/Qwen2.5-7B-Instruct,two_stage,s2_swap_False,32.5,17.875,14.625,A,,,,,
fac_ind_002,factual,plain,Qwen/Qwen2.5-7B-Instruct,two_stage,s2_swap_True,21.375,35.25,-13.875,A,,,,,
fac_ind_002,factual,plain,Qwen/Qwen2.5-7B-Instruct,single_stage_control,,,,,A,unknown,0.0,11.875,0.00017775862154005995,-11.37501344539502
fac_ind_002,factual,plain,Qwen/Qwen2.5-7B-Instruct,single_stage_control,,,,,A,unknown,2.0,9.625,0.0011080488737030326,-14.50010055020676
fac_ind_002,factual,plain,Qwen/Qwen2.5-7B-Instruct,single_stage_control,,,,,A,unknown,4.0,11.5,0.00027112590106337484,-10.125021329971744
fac_ind_002,factual,plain,Qwen/Qwen2.5-7B-Instruct,single_stage_control,,,,,A,control,0.0,10.375,0.0007172584232414484,-11.750061646028442
fac_ind_002,factual,plain,Qwen/Qwen2.5-7B-Instruct,single_stage_control,,,,,A,control,2.0,9.0,0.002114246336157955,-13.500204184664224
fac_ind_002,factual,plain,Qwen/Qwen2.5-7B-Instruct,single_stage_control,,,,,A,control,4.0,8.5,0.003472047305813338,-8.250356253829327
fac_ind_002,factual,markdown,Qwen/Qwen2.5-7B-Instruct,two_stage,s2_swap_False,31.75,18.875,12.875,A,,,,,
fac_ind_002,factual,markdown,Qwen/Qwen2.5-7B-Instruct,two_stage,s2_swap_True,22.25,31.875,-9.625,A,,,,,
fac_ind_002,factual,markdown,Qwen/Qwen2.5-7B-Instruct,single_stage_control,,,,,A,unknown,0.0,8.0,0.005353080763130563,-7.500567620075085
fac_ind_002,factual,markdown,Qwen/Qwen2.5-7B-Instruct,single_stage_control,,,,,A,unknown,2.0,6.0,0.04021252124084237,-8.380564574929245
fac_ind_002,factual,markdown,Qwen/Qwen2.5-7B-Instruct,single_stage_control,,,,,A,unknown,4.0,6.375,0.020588239272454747,-3.6276333627785
fac_ind_002,factual,markdown,Qwen/Qwen2.5-7B-Instruct,single_stage_control,,,,,A,control,0.0,5.25,0.06279808228776412,-5.88455538041158
fac_ind_002,factual,markdown,Qwen/Qwen2.5-7B-Instruct,single_stage_control,,,,,A,control,2.0,5.25,0.06918817529266383,-7.635561817435228
fac_ind_002,factual,markdown,Qwen/Qwen2.5-7B-Instruct,single_stage_control,,,,,A,control,4.0,5.375,0.0617496079092527,-4.134274001920069
fac_ind_003,factual,plain,Qwen/Qwen2.5-7B-Instruct,two_stage,s2_swap_False,29.25,30.125,-0.875,B,,,,,
fac_ind_003,factual,plain,Qwen/Qwen2.5-7B-Instruct,two_stage,s2_swap_True,26.25,34.75,-8.5,B,,,,,
fac_ind_003,factual,plain,Qwen/Qwen2.5-7B-Instruct,single_stage_control,,,,,B,unknown,0.0,15.25,7.481173949183767e-06,-17.62500045008398
fac_ind_003,factual,plain,Qwen/Qwen2.5-7B-Instruct,single_stage_control,,,,,B,unknown,2.0,15.5,4.22172289057689e-06,-19.50000024970857
fac_ind_003,factual,plain,Qwen/Qwen2.5-7B-Instruct,single_stage_control,,,,,B,unknown,4.0,16.5,1.9817677426369234e-06,-14.125000110965296
fac_ind_003,factual,plain,Qwen/Qwen2.5-7B-Instruct,single_stage_control,,,,,B,control,0.0,11.625,0.00018094078646728917,-15.625013836734606
fac_ind_003,factual,plain,Qwen/Qwen2.5-7B-Instruct,single_stage_control,,,,,B,control,2.0,14.0,2.8531093918844956e-05,-17.750001871908538
fac_ind_003,factual,plain,Qwen/Qwen2.5-7B-Instruct,single_stage_control,,,,,B,control,4.0,14.875,1.1522029076318224e-05,-11.375000712388513
fac_ind_003,factual,markdown,Qwen/Qwen2.5-7B-Instruct,two_stage,s2_swap_False,28.25,27.875,0.375,B,,,,,
fac_ind_003,factual,markdown,Qwen/Qwen2.5-7B-Instruct,two_stage,s2_swap_True,24.0,31.5,-7.5,B,,,,,
fac_ind_003,factual,markdown,Qwen/Qwen2.5-7B-Instruct,single_stage_control,,,,,B,unknown,0.0,12.25,0.00013975695190849872,-14.375010378873895
fac_ind_003,factual,markdown,Qwen/Qwen2.5-7B-Instruct,single_stage_control,,,,,B,unknown,2.0,12.875,7.268092771949534e-05,-16.000005168237564
fac_ind_003,factual,markdown,Qwen/Qwen2.5-7B-Instruct,single_stage_control,,,,,B,unknown,4.0,11.75,0.0001367675117406015,-11.750010383438749
fac_ind_003,factual,markdown,Qwen/Qwen2.5-7B-Instruct,single_stage_control,,,,,B,control,0.0,8.375,0.0030871611933758376,-11.500315492109166
fac_ind_003,factual,markdown,Qwen/Qwen2.5-7B-Instruct,single_stage_control,,,,,B,control,2.0,10.125,0.0007207294042917656,-14.500062715490323
fac_ind_003,factual,markdown,Qwen/Qwen2.5-7B-Instruct,single_stage_control,,,,,B,control,4.0,10.0,0.0005851006641349092,-9.125051737208928
fac_ind_004,factual,plain,Qwen/Qwen2.5-7B-Instruct,two_stage,s2_swap_False,26.375,17.375,9.0,C,,,,,
fac_ind_004,factual,plain,Qwen/Qwen2.5-7B-Instruct,two_stage,s2_swap_True,18.5,25.75,-7.25,C,,,,,
fac_ind_004,factual,plain,Qwen/Qwen2.5-7B-Instruct,single_stage_control,,,,,C,unknown,0.0,10.875,0.0004122379879406529,-14.000033926962242
fac_ind_004,factual,plain,Qwen/Qwen2.5-7B-Instruct,single_stage_control,,,,,C,unknown,2.0,11.625,0.0001734164455863538,-13.750013296151721
fac_ind_004,factual,plain,Qwen/Qwen2.5-7B-Instruct,single_stage_control,,,,,C,unknown,4.0,11.125,0.00032959916063165747,-6.750026354829924
fac_ind_004,factual,plain,Qwen/Qwen2.5-7B-Instruct,single_stage_control,,,,,C,control,0.0,7.625,0.005193339747294365,-11.500579480842742
fac_ind_004,factual,plain,Qwen/Qwen2.5-7B-Instruct,single_stage_control,,,,,C,control,2.0,7.5,0.00643268606671378,-10.625723866828906
fac_ind_004,factual,plain,Qwen/Qwen2.5-7B-Instruct,single_stage_control,,,,,C,control,4.0,8.75,0.0020124114582005734,-7.625198584267164
fac_ind_004,factual,markdown,Qwen/Qwen2.5-7B-Instruct,two_stage,s2_swap_False,26.25,16.5,9.75,C,,,,,
fac_ind_004,factual,markdown,Qwen/Qwen2.5-7B-Instruct,two_stage,s2_swap_True,18.875,22.875,-4.0,C,,,,,
fac_ind_004,factual,markdown,Qwen/Qwen2.5-7B-Instruct,single_stage_control,,,,,C,unknown,0.0,6.875,0.009134160910595946,-11.501127609976336
fac_ind_004,factual,markdown,Qwen/Qwen2.5-7B-Instruct,single_stage_control,,,,,C,unknown,2.0,8.5,0.0024677248278664687,-11.12525046460225
fac_ind_004,factual,markdown,Qwen/Qwen2.5-7B-Instruct,single_stage_control,,,,,C,unknown,4.0,4.625,0.05969856135492286,-3.3853076514849434
fac_ind_004,factual,markdown,Qwen/Qwen2.5-7B-Instruct,single_stage_control,,,,,C,control,0.0,2.5,0.2978706800746011,-6.95821111553019
fac_ind_004,factual,markdown,Qwen/Qwen2.5-7B-Instruct,single_stage_control,,,,,C,control,2.0,3.0,0.20490992543342335,-7.550428107817911
fac_ind_004,factual,markdown,Qwen/Qwen2.5-7B-Instruct,single_stage_control,,,,,C,control,4.0,1.25,0.5425589623072765,-3.503546702582309
fac_ind_005,factual,plain,Qwen/Qwen2.5-7B-Instruct,two_stage,s2_swap_False,26.0,16.375,9.625,C,,,,,
fac_ind_005,factual,plain,Qwen/Qwen2.5-7B-Instruct,two_stage,s2_swap_True,18.625,28.125,-9.5,C,,,,,
fac_ind_005,factual,plain,Qwen/Qwen2.5-7B-Instruct,single_stage_control,,,,,C,unknown,0.0,10.625,0.00032944565769298855,-13.500027716726088
fac_ind_005,factual,plain,Qwen/Qwen2.5-7B-Instruct,single_stage_control,,,,,C,unknown,2.0,12.25,0.00011757898573924445,-12.500008749969247
fac_ind_005,factual,plain,Qwen/Qwen2.5-7B-Instruct,single_stage_control,,,,,C,unknown,4.0,13.25,4.9325439703974206e-05,-10.750003426375784
fac_ind_005,factual,plain,Qwen/Qwen2.5-7B-Instruct,single_stage_control,,,,,C,control,0.0,6.5,0.011412790581235122,-13.001514504473292
fac_ind_005,factual,plain,Qwen/Qwen2.5-7B-Instruct,single_stage_control,,,,,C,control,2.0,8.75,0.0024421102320065237,-8.625244459544842
fac_ind_005,factual,plain,Qwen/Qwen2.5-7B-Instruct,single_stage_control,,,,,C,control,4.0,8.75,0.0016067286939076427,-10.375163017521054
fac_ind_005,factual,markdown,Qwen/Qwen2.5-7B-Instruct,two_stage,s2_swap_False,26.625,16.25,10.375,C,,,,,
fac_ind_005,factual,markdown,Qwen/Qwen2.5-7B-Instruct,two_stage,s2_swap_True,18.0,24.75,-6.75,C,,,,,
fac_ind_005,factual,markdown,Qwen/Qwen2.5-7B-Instruct,single_stage_control,,,,,C,unknown,0.0,5.75,0.02148863646193945,-11.878182801326055
fac_ind_005,factual,markdown,Qwen/Qwen2.5-7B-Instruct,single_stage_control,,,,,C,unknown,2.0,8.125,0.00290159101305595,-10.375312288662261
fac_ind_005,factual,markdown,Qwen/Qwen2.5-7B-Instruct,single_stage_control,,,,,C,unknown,4.0,6.25,0.0140998580421075,-9.626938438774367
fac_ind_005,factual,markdown,Qwen/Qwen2.5-7B-Instruct,single_stage_control,,,,,C,control,0.0,2.875,0.20995004965758987,-8.305039633732779
fac_ind_005,factual,markdown,Qwen/Qwen2.5-7B-Instruct,single_stage_control,,,,,C,control,2.0,2.875,0.21152067246308848,-6.555225733854218
fac_ind_005,factual,markdown,Qwen/Qwen2.5-7B-Instruct,single_stage_control,,,,,C,control,4.0,2.5,0.2688835546447651,-9.07891948211951
fac_ind_006,factual,plain,Qwen/Qwen2.5-7B-Instruct,two_stage,s2_swap_False,27.375,27.5,-0.125,B,,,,,
fac_ind_006,factual,plain,Qwen/Qwen2.5-7B-Instruct,two_stage,s2_swap_True,28.0,32.0,-4.0,B,,,,,
fac_ind_006,factual,plain,Qwen/Qwen2.5-7B-Instruct,single_stage_control,,,,,B,unknown,0.0,11.25,0.0001666480282183645,-17.750013457607444
fac_ind_006,factual,plain,Qwen/Qwen2.5-7B-Instruct,single_stage_control,,,,,B,unknown,2.0,14.0,2.404544453934888e-05,-19.312501578434635
fac_ind_006,factual,plain,Qwen/Qwen2.5-7B-Instruct,single_stage_control,,,,,B,unknown,4.0,13.75,2.1100446428480274e-05,-16.7500013904816
fac_ind_006,factual,plain,Qwen/Qwen2.5-7B-Instruct,single_stage_control,,,,,B,control,0.0,9.0,0.0012615139948588731,-16.62512525942116
fac_ind_006,factual,plain,Qwen/Qwen2.5-7B-Instruct,single_stage_control,,,,,B,control,2.0,11.0,0.00026646936499777444,-17.750021495826935
fac_ind_006,factual,plain,Qwen/Qwen2.5-7B-Instruct,single_stage_control,,,,,B,control,4.0,11.5,0.00013907796500878725,-16.000010921751944
fac_ind_006,factual,markdown,Qwen/Qwen2.5-7B-Instruct,two_stage,s2_swap_False,28.5,27.0,1.5,B,,,,,
fac_ind_006,factual,markdown,Qwen/Qwen2.5-7B-Instruct,two_stage,s2_swap_True,27.0,26.5,0.5,B,,,,,
fac_ind_006,factual,markdown,Qwen/Qwen2.5-7B-Instruct,single_stage_control,,,,,B,unknown,0.0,8.875,0.0014820145475760327,-14.62514734238433
fac_ind_006,factual,markdown,Qwen/Qwen2.5-7B-Instruct,single_stage_control,,,,,B,unknown,2.0,10.25,0.0004385854357090623,-15.625038184822124
fac_ind_006,factual,markdown,Qwen/Qwen2.5-7B-Instruct,single_stage_control,,,,,B,unknown,4.0,8.875,0.0014429727459103695,-11.875144287039294
fac_ind_006,factual,markdown,Qwen/Qwen2.5-7B-Instruct,single_stage_control,,,,,B,control,0.0,4.75,0.051548422034003276,-11.196332098596411
fac_ind_006,factual,markdown,Qwen/Qwen2.5-7B-Instruct,single_stage_control,,,,,B,control,2.0,6.375,0.012946661337798551,-14.00173577716824
fac_ind_006,factual,markdown,Qwen/Qwen2.5-7B-Instruct,single_stage_control,,,,,B,control,4.0,6.0,0.01753253294671243,-11.00249326452014
fac_ind_007,factual,plain,Qwen/Qwen2.5-7B-Instruct,two_stage,s2_swap_False,27.25,29.375,-2.125,B,,,,,
fac_ind_007,factual,plain,Qwen/Qwen2.5-7B-Instruct,two_stage,s2_swap_True,26.25,34.0,-7.75,B,,,,,
fac_ind_007,factual,plain,Qwen/Qwen2.5-7B-Instruct,single_stage_control,,,,,B,unknown,0.0,12.625,4.7344474899087434e-05,-17.500003434977565
fac_ind_007,factual,plain,Qwen/Qwen2.5-7B-Instruct,single_stage_control,,,,,B,unknown,2.0,12.125,8.37733960025197e-05,-17.37500624369288
fac_ind_007,factual,plain,Qwen/Qwen2.5-7B-Instruct,single_stage_control,,,,,B,unknown,4.0,13.125,3.229460544700698e-05,-16.750002240506063
fac_ind_007,factual,plain,Qwen/Qwen2.5-7B-Instruct,single_stage_control,,,,,B,control,0.0,8.0,0.0030845242546612534,-15.250340275174231
fac_ind_007,factual,plain,Qwen/Qwen2.5-7B-Instruct,single_stage_control,,,,,B,control,2.0,5.75,0.021758035641562246,-14.753206723707319
fac_ind_007,factual,plain,Qwen/Qwen2.5-7B-Instruct,single_stage_control,,,,,B,control,4.0,9.125,0.0011346243328069117,-14.500111135564737
fac_ind_007,factual,markdown,Qwen/Qwen2.5-7B-Instruct,two_stage,s2_swap_False,27.875,27.375,0.5,B,,,,,
fac_ind_007,factual,markdown,Qwen/Qwen2.5-7B-Instruct,two_stage,s2_swap_True,23.25,30.25,-7.0,B,,,,,
fac_ind_007,factual,markdown,Qwen/Qwen2.5-7B-Instruct,single_stage_control,,,,,B,unknown,0.0,7.25,0.006015655705444804,-13.625722298021902
fac_ind_007,factual,markdown,Qwen/Qwen2.5-7B-Instruct,single_stage_control,,,,,B,unknown,2.0,7.375,0.005380056974499035,-13.375636774978826
fac_ind_007,factual,markdown,Qwen/Qwen2.5-7B-Instruct,single_stage_control,,,,,B,unknown,4.0,7.875,0.003417368035370474,-11.375383186837812
fac_ind_007,factual,markdown,Qwen/Qwen2.5-7B-Instruct,single_stage_control,,,,,B,control,0.0,1.875,0.39465757196871176,-10.642958432516313
fac_ind_007,factual,markdown,Qwen/Qwen2.5-7B-Instruct,single_stage_control,,,,,B,control,2.0,1.5,0.4785024668518947,-10.57679315469381
fac_ind_007,factual,markdown,Qwen/Qwen2.5-7B-Instruct,single_stage_control,,,,,B,control,4.0,5.5,0.026570288494193753,-11.379086394282005
fac_ind_008,factual,plain,Qwen/Qwen2.5-7B-Instruct,two_stage,s2_swap_False,27.75,17.875,9.875,C,,,,,
fac_ind_008,factual,plain,Qwen/Qwen2.5-7B-Instruct,two_stage,s2_swap_True,21.0,30.625,-9.625,C,,,,,
fac_ind_008,factual,plain,Qwen/Qwen2.5-7B-Instruct,single_stage_control,,,,,C,unknown,0.0,13.75,2.0936234843881552e-05,-17.500001384572542
fac_ind_008,factual,plain,Qwen/Qwen2.5-7B-Instruct,single_stage_control,,,,,C,unknown,2.0,14.5,1.1619980636233029e-05,-18.06250073128591
fac_ind_008,factual,plain,Qwen/Qwen2.5-7B-Instruct,single_stage_control,,,,,C,unknown,4.0,14.5,1.0669083535582073e-05,-17.000000669334142
fac_ind_008,factual,plain,Qwen/Qwen2.5-7B-Instruct,single_stage_control,,,,,C,control,0.0,12.125,0.0001001185825329594,-15.750007420804117
fac_ind_008,factual,plain,Qwen/Qwen2.5-7B-Instruct,single_stage_control,,,,,C,control,2.0,11.75,0.00015608266771903332,-14.125011941538023
fac_ind_008,factual,plain,Qwen/Qwen2.5-7B-Instruct,single_stage_control,,,,,C,control,4.0,13.625,2.9986422602761193e-05,-15.375002001958386
fac_ind_008,factual,markdown,Qwen/Qwen2.5-7B-Instruct,two_stage,s2_swap_False,28.125,18.375,9.75,C,,,,,
fac_ind_008,factual,markdown,Qwen/Qwen2.5-7B-Instruct,two_stage,s2_swap_True,20.375,24.5,-4.125,C,,,,,
fac_ind_008,factual,markdown,Qwen/Qwen2.5-7B-Instruct,single_stage_control,,,,,C,unknown,0.0,8.75,0.0016936779575966435,-13.75017013044588
fac_ind_008,factual,markdown,Qwen/Qwen2.5-7B-Instruct,single_stage_control,,,,,C,unknown,2.0,8.25,0.0025707739966873556,-13.375273346022173
fac_ind_008,factual,markdown,Qwen/Qwen2.5-7B-Instruct,single_stage_control,,,,,C,unknown,4.0,8.75,0.0016742728408374423,-11.500168311785025
fac_ind_008,factual,markdown,Qwen/Qwen2.5-7B-Instruct,single_stage_control,,,,,C,control,0.0,7.75,0.003966567588595756,-13.000446552439254
fac_ind_008,factual,markdown,Qwen/Qwen2.5-7B-Instruct,single_stage_control,,,,,C,control,2.0,6.25,0.014465214380918969,-10.751972299824168
fac_ind_008,factual,markdown,Qwen/Qwen2.5-7B-Instruct,single_stage_control,,,,,C,control,4.0,6.875,0.008364160488837306,-9.376051706451978
fac_ind_009,factual,plain,Qwen/Qwen2.5-7B-Instruct,two_stage,s2_swap_False,25.375,28.625,-3.25,B,,,,,
fac_ind_009,factual,plain,Qwen/Qwen2.5-7B-Instruct,two_stage,s2_swap_True,29.875,31.25,-1.375,B,,,,,
fac_ind_009,factual,plain,Qwen/Qwen2.5-7B-Instruct,single_stage_control,,,,,B,unknown,0.0,14.625,1.605678850374024e-05,-15.625001017689044
fac_ind_009,factual,plain,Qwen/Qwen2.5-7B-Instruct,single_stage_control,,,,,B,unknown,2.0,13.25,5.114605465634234e-05,-14.750003524085542
fac_ind_009,factual,plain,Qwen/Qwen2.5-7B-Instruct,single_stage_control,,,,,B,unknown,4.0,13.0,4.871775308822898e-05,-11.250003388108283
fac_ind_009,factual,plain,Qwen/Qwen2.5-7B-Instruct,single_stage_control,,,,,B,control,0.0,9.375,0.0015942016681141447,-11.250147701277076
fac_ind_009,factual,plain,Qwen/Qwen2.5-7B-Instruct,single_stage_control,,,,,B,control,2.0,10.125,0.00096273440183155,-13.000084299894198
fac_ind_009,factual,plain,Qwen/Qwen2.5-7B-Instruct,single_stage_control,,,,,B,control,4.0,10.625,0.00047521465813552005,-10.000039384044271
fac_ind_009,factual,markdown,Qwen/Qwen2.5-7B-Instruct,two_stage,s2_swap_False,26.125,24.75,1.375,B,,,,,
fac_ind_009,factual,markdown,Qwen/Qwen2.5-7B-Instruct,two_stage,s2_swap_True,27.375,27.25,0.125,B,,,,,
fac_ind_009,factual,markdown,Qwen/Qwen2.5-7B-Instruct,single_stage_control,,,,,B,unknown,0.0,8.625,0.002542363270585239,-9.125254524095674
fac_ind_009,factual,markdown,Qwen/Qwen2.5-7B-Instruct,single_stage_control,,,,,B,unknown,2.0,8.875,0.002665616034802683,-9.250260059569822
fac_ind_009,factual,markdown,Qwen/Qwen2.5-7B-Instruct,single_stage_control,,,,,B,unknown,4.0,9.5,0.0017122700937304669,-4.500159821072263
fac_ind_009,factual,markdown,Qwen/Qwen2.5-7B-Instruct,single_stage_control,,,,,B,control,0.0,4.75,0.06688581572580182,-5.0109221769699595
fac_ind_009,factual,markdown,Qwen/Qwen2.5-7B-Instruct,single_stage_control,,,,,B,control,2.0,5.25,0.046332028452655966,-8.256939995798103
fac_ind_009,factual,markdown,Qwen/Qwen2.5-7B-Instruct,single_stage_control,,,,,B,control,4.0,6.25,0.019885584170586137,-4.002594740332999
fac_ind_010,factual,plain,Qwen/Qwen2.5-7B-Instruct,two_stage,s2_swap_False,27.5,25.125,2.375,B,,,,,
fac_ind_010,factual,plain,Qwen/Qwen2.5-7B-Instruct,two_stage,s2_swap_True,29.25,31.125,-1.875,B,,,,,
fac_ind_010,factual,plain,Qwen/Qwen2.5-7B-Instruct,single_stage_control,,,,,B,unknown,0.0,13.875,2.455132248714895e-05,-14.250001604988398
fac_ind_010,factual,plain,Qwen/Qwen2.5-7B-Instruct,single_stage_control,,,,,B,unknown,2.0,13.5,2.9122363251822797e-05,-14.375001946817363
fac_ind_010,factual,plain,Qwen/Qwen2.5-7B-Instruct,single_stage_control,,,,,B,unknown,4.0,13.875,2.4027722096280237e-05,-12.375001572868634
fac_ind_010,factual,plain,Qwen/Qwen2.5-7B-Instruct,single_stage_control,,,,,B,control,0.0,10.875,0.00030507637249676135,-11.875024775248157
fac_ind_010,factual,plain,Qwen/Qwen2.5-7B-Instruct,single_stage_control,,,,,B,control,2.0,11.25,0.0002021115373117834,-12.875015977383477
fac_ind_010,factual,plain,Qwen/Qwen2.5-7B-Instruct,single_stage_control,,,,,B,control,4.0,10.75,0.0003771459026002768,-9.250030968522282
fac_ind_010,factual,markdown,Qwen/Qwen2.5-7B-Instruct,two_stage,s2_swap_False,28.375,21.625,6.75,B,,,,,
fac_ind_010,factual,markdown,Qwen/Qwen2.5-7B-Instruct,two_stage,s2_swap_True,27.375,26.0,1.375,B,,,,,
fac_ind_010,factual,markdown,Qwen/Qwen2.5-7B-Instruct,single_stage_control,,,,,B,unknown,0.0,9.0,0.0014287824056777496,-10.12513896873391
fac_ind_010,factual,markdown,Qwen/Qwen2.5-7B-Instruct,single_stage_control,,,,,B,unknown,2.0,8.125,0.002968863755116866,-9.875317695763353
fac_ind_010,factual,markdown,Qwen/Qwen2.5-7B-Instruct,single_stage_control,,,,,B,unknown,4.0,7.875,0.004732065900329307,-5.125513536972868
fac_ind_010,factual,markdown,Qwen/Qwen2.5-7B-Instruct,single_stage_control,,,,,B,control,0.0,3.375,0.1903230463099343,-4.541015205239116
fac_ind_010,factual,markdown,Qwen/Qwen2.5-7B-Instruct,single_stage_control,,,,,B,control,2.0,5.375,0.03266850748262623,-8.004964651225258
fac_ind_010,factual,markdown,Qwen/Qwen2.5-7B-Instruct,single_stage_control,,,,,B,control,4.0,5.25,0.04260010217554259,-3.7564933819620414
fac_ind_011,factual,plain,Qwen/Qwen2.5-7B-Instruct,two_stage,s2_swap_False,25.375,15.75,9.625,C,,,,,
fac_ind_011,factual,plain,Qwen/Qwen2.5-7B-Instruct,two_stage,s2_swap_True,18.25,24.375,-6.125,C,,,,,
fac_ind_011,factual,plain,Qwen/Qwen2.5-7B-Instruct,single_stage_control,,,,,C,unknown,0.0,8.25,0.0024575437819425953,-15.375264131596104
fac_ind_011,factual,plain,Qwen/Qwen2.5-7B-Instruct,single_stage_control,,,,,C,unknown,2.0,9.25,0.0010438659787096285,-14.625100337623437
fac_ind_011,factual,plain,Qwen/Qwen2.5-7B-Instruct,single_stage_control,,,,,C,unknown,4.0,9.0,0.0012715149924374088,-8.875125982694168
fac_ind_011,factual,plain,Qwen/Qwen2.5-7B-Instruct,single_stage_control,,,,,C,control,0.0,4.625,0.05482710508359283,-12.259769093251439
fac_ind_011,factual,plain,Qwen/Qwen2.5-7B-Instruct,single_stage_control,,,,,C,control,2.0,5.875,0.019753579641397866,-11.377847013252051
fac_ind_011,factual,plain,Qwen/Qwen2.5-7B-Instruct,single_stage_control,,,,,C,control,4.0,6.375,0.012598114555840487,-9.501705977617707
fac_ind_011,factual,markdown,Qwen/Qwen2.5-7B-Instruct,two_stage,s2_swap_False,26.75,16.5,10.25,C,,,,,
fac_ind_011,factual,markdown,Qwen/Qwen2.5-7B-Instruct,two_stage,s2_swap_True,17.75,22.375,-4.625,C,,,,,
fac_ind_011,factual,markdown,Qwen/Qwen2.5-7B-Instruct,single_stage_control,,,,,C,unknown,0.0,4.125,0.08281836369149402,-10.766144817495153
fac_ind_011,factual,markdown,Qwen/Qwen2.5-7B-Instruct,single_stage_control,,,,,C,unknown,2.0,4.375,0.06786521362760989,-10.512598800343447
fac_ind_011,factual,markdown,Qwen/Qwen2.5-7B-Instruct,single_stage_control,,,,,C,unknown,4.0,2.5,0.26965316531430983,-7.328995928376909
fac_ind_011,factual,markdown,Qwen/Qwen2.5-7B-Instruct,single_stage_control,,,,,C,control,0.0,2.25,0.3184445026163284,-7.8506106656050605
fac_ind_011,factual,markdown,Qwen/Qwen2.5-7B-Instruct,single_stage_control,,,,,C,control,2.0,1.75,0.42402214369365265,-7.6607643222804676
fac_ind_011,factual,markdown,Qwen/Qwen2.5-7B-Instruct,single_stage_control,,,,,C,control,4.0,0.875,0.6071166310212898,-6.22356798319478
fac_ind_012,factual,plain,Qwen/Qwen2.5-7B-Instruct,two_stage,s2_swap_False,32.75,17.75,15.0,A,,,,,
fac_ind_012,factual,plain,Qwen/Qwen2.5-7B-Instruct,two_stage,s2_swap_True,22.0,33.75,-11.75,A,,,,,
fac_ind_012,factual,plain,Qwen/Qwen2.5-7B-Instruct,single_stage_control,,,,,A,unknown,0.0,12.25,0.00013879218576683732,-9.000010272064117
fac_ind_012,factual,plain,Qwen/Qwen2.5-7B-Instruct,single_stage_control,,,,,A,unknown,2.0,9.875,0.0008494579558396052,-15.000075106045163
fac_ind_012,factual,plain,Qwen/Qwen2.5-7B-Instruct,single_stage_control,,,,,A,unknown,4.0,10.75,0.000415140461041988,-12.000034111255914
fac_ind_012,factual,plain,Qwen/Qwen2.5-7B-Instruct,single_stage_control,,,,,A,control,0.0,11.125,0.00036555917894788516,-12.000029506423665
fac_ind_012,factual,plain,Qwen/Qwen2.5-7B-Instruct,single_stage_control,,,,,A,control,2.0,9.25,0.0015831091332631315,-14.125148159877487
fac_ind_012,factual,plain,Qwen/Qwen2.5-7B-Instruct,single_stage_control,,,,,A,control,4.0,9.0,0.001792390976290158,-12.125172400015966
fac_ind_012,factual,markdown,Qwen/Qwen2.5-7B-Instruct,two_stage,s2_swap_False,31.25,18.75,12.5,A,,,,,
fac_ind_012,factual,markdown,Qwen/Qwen2.5-7B-Instruct,two_stage,s2_swap_True,22.0,31.0,-9.0,A,,,,,
fac_ind_012,factual,markdown,Qwen/Qwen2.5-7B-Instruct,single_stage_control,,,,,A,unknown,0.0,7.125,0.011641572425020928,-7.251361109567444
fac_ind_012,factual,markdown,Qwen/Qwen2.5-7B-Instruct,single_stage_control,,,,,A,unknown,2.0,6.125,0.03484540703743022,-9.254713103806516
fac_ind_012,factual,markdown,Qwen/Qwen2.5-7B-Instruct,single_stage_control,,,,,A,unknown,4.0,6.375,0.023999395910621172,-4.8780987907894975
fac_ind_012,factual,markdown,Qwen/Qwen2.5-7B-Instruct,single_stage_control,,,,,A,control,0.0,5.125,0.06850805903389703,-4.385576310477095
fac_ind_012,factual,markdown,Qwen/Qwen2.5-7B-Instruct,single_stage_control,,,,,A,control,2.0,5.25,0.06496042739789122,-9.009884723145255
fac_ind_012,factual,markdown,Qwen/Qwen2.5-7B-Instruct,single_stage_control,,,,,A,control,4.0,5.25,0.06357657896064113,-6.009610396559356
fac_ind_013,factual,plain,Qwen/Qwen2.5-7B-Instruct,two_stage,s2_swap_False,28.375,26.75,1.625,B,,,,,
fac_ind_013,factual,plain,Qwen/Qwen2.5-7B-Instruct,two_stage,s2_swap_True,24.75,34.75,-10.0,B,,,,,
fac_ind_013,factual,plain,Qwen/Qwen2.5-7B-Instruct,single_stage_control,,,,,B,unknown,0.0,14.5,1.359691946870057e-05,-17.37500085362415
fac_ind_013,factual,plain,Qwen/Qwen2.5-7B-Instruct,single_stage_control,,,,,B,unknown,2.0,14.75,8.755883343692841e-06,-19.50000054066443
fac_ind_013,factual,plain,Qwen/Qwen2.5-7B-Instruct,single_stage_control,,,,,B,unknown,4.0,15.0,8.955424427489476e-06,-15.625000545956404
fac_ind_013,factual,plain,Qwen/Qwen2.5-7B-Instruct,single_stage_control,,,,,B,control,0.0,11.5,0.00025179496966511573,-14.875019653493961
fac_ind_013,factual,plain,Qwen/Qwen2.5-7B-Instruct,single_stage_control,,,,,B,control,2.0,12.75,7.62499760439349e-05,-17.437505398051492
fac_ind_013,factual,plain,Qwen/Qwen2.5-7B-Instruct,single_stage_control,,,,,B,control,4.0,13.625,3.63495396563255e-05,-13.875002434179258
fac_ind_013,factual,markdown,Qwen/Qwen2.5-7B-Instruct,two_stage,s2_swap_False,29.375,26.75,2.625,B,,,,,
fac_ind_013,factual,markdown,Qwen/Qwen2.5-7B-Instruct,two_stage,s2_swap_True,24.5,32.75,-8.25,B,,,,,
fac_ind_013,factual,markdown,Qwen/Qwen2.5-7B-Instruct,single_stage_control,,,,,B,unknown,0.0,10.125,0.0006773755734493417,-14.250058504790566
fac_ind_013,factual,markdown,Qwen/Qwen2.5-7B-Instruct,single_stage_control,,,,,B,unknown,2.0,11.375,0.0002968424418764598,-15.250023603448625
fac_ind_013,factual,markdown,Qwen/Qwen2.5-7B-Instruct,single_stage_control,,,,,B,unknown,4.0,9.875,0.0007572035479281149,-9.000066994957937
fac_ind_013,factual,markdown,Qwen/Qwen2.5-7B-Instruct,single_stage_control,,,,,B,control,0.0,8.0,0.005024224784144358,-11.375533456606945
fac_ind_013,factual,markdown,Qwen/Qwen2.5-7B-Instruct,single_stage_control,,,,,B,control,2.0,8.875,0.0030776390068415083,-13.312807172524227
fac_ind_013,factual,markdown,Qwen/Qwen2.5-7B-Instruct,single_stage_control,,,,,B,control,4.0,8.5,0.0023911156485525798,-7.250242454323825
fac_ind_014,factual,plain,Qwen/Qwen2.5-7B-Instruct,two_stage,s2_swap_False,24.375,15.625,8.75,C,,,,,
fac_ind_014,factual,plain,Qwen/Qwen2.5-7B-Instruct,two_stage,s2_swap_True,20.125,27.75,-7.625,C,,,,,
fac_ind_014,factual,plain,Qwen/Qwen2.5-7B-Instruct,single_stage_control,,,,,C,unknown,0.0,9.625,0.0010982857593013614,-13.375099732196311
fac_ind_014,factual,plain,Qwen/Qwen2.5-7B-Instruct,single_stage_control,,,,,C,unknown,2.0,10.375,0.0008885088552284511,-12.562577141993664
fac_ind_014,factual,plain,Qwen/Qwen2.5-7B-Instruct,single_stage_control,,,,,C,unknown,4.0,10.0,0.0011043571562367677,-6.7500984676767075
fac_ind_014,factual,plain,Qwen/Qwen2.5-7B-Instruct,single_stage_control,,,,,C,control,0.0,8.25,0.0035778674269487803,-11.437870309050947
fac_ind_014,factual,plain,Qwen/Qwen2.5-7B-Instruct,single_stage_control,,,,,C,control,2.0,6.5,0.01534238850490241,-10.564435592960319
fac_ind_014,factual,plain,Qwen/Qwen2.5-7B-Instruct,single_stage_control,,,,,C,control,4.0,7.875,0.004802165242850576,-7.3755161726672895
fac_ind_014,factual,markdown,Qwen/Qwen2.5-7B-Instruct,two_stage,s2_swap_False,25.875,15.75,10.125,C,,,,,
fac_ind_014,factual,markdown,Qwen/Qwen2.5-7B-Instruct,two_stage,s2_swap_True,17.375,22.75,-5.375,C,,,,,
fac_ind_014,factual,markdown,Qwen/Qwen2.5-7B-Instruct,single_stage_control,,,,,C,unknown,0.0,6.125,0.017065338866463515,-11.252332479407244
fac_ind_014,factual,markdown,Qwen/Qwen2.5-7B-Instruct,single_stage_control,,,,,C,unknown,2.0,6.375,0.014084438865752079,-10.43934946499282
fac_ind_014,factual,markdown,Qwen/Qwen2.5-7B-Instruct,single_stage_control,,,,,C,unknown,4.0,4.125,0.08670716359911698,-7.641591120122719
fac_ind_014,factual,markdown,Qwen/Qwen2.5-7B-Instruct,single_stage_control,,,,,C,control,0.0,2.625,0.27160535818035547,-8.13587191100505
fac_ind_014,factual,markdown,Qwen/Qwen2.5-7B-Instruct,single_stage_control,,,,,C,control,2.0,1.375,0.5374490308011074,-7.418317185320017
fac_ind_014,factual,markdown,Qwen/Qwen2.5-7B-Instruct,single_stage_control,,,,,C,control,4.0,1.5,0.4860896933893304,-7.077837681268186
fac_ind_015,factual,plain,Qwen/Qwen2.5-7B-Instruct,two_stage,s2_swap_False,24.125,14.4375,9.6875,C,,,,,
fac_ind_015,factual,plain,Qwen/Qwen2.5-7B-Instruct,two_stage,s2_swap_True,19.375,28.625,-9.25,C,,,,,
fac_ind_015,factual,plain,Qwen/Qwen2.5-7B-Instruct,single_stage_control,,,,,C,unknown,0.0,8.75,0.001694588386608792,-13.750170430048641
fac_ind_015,factual,plain,Qwen/Qwen2.5-7B-Instruct,single_stage_control,,,,,C,unknown,2.0,9.625,0.0008224692153059544,-13.250075497781886
fac_ind_015,factual,plain,Qwen/Qwen2.5-7B-Instruct,single_stage_control,,,,,C,unknown,4.0,10.25,0.000490095725172122,-10.500042332345895
fac_ind_015,factual,plain,Qwen/Qwen2.5-7B-Instruct,single_stage_control,,,,,C,control,0.0,6.125,0.016083461168864385,-11.877232657142482
fac_ind_015,factual,plain,Qwen/Qwen2.5-7B-Instruct,single_stage_control,,,,,C,control,2.0,6.75,0.010079114328834895,-10.501268446783385
fac_ind_015,factual,plain,Qwen/Qwen2.5-7B-Instruct,single_stage_control,,,,,C,control,4.0,6.5,0.011376065444153727,-11.251511253702464
fac_ind_015,factual,markdown,Qwen/Qwen2.5-7B-Instruct,two_stage,s2_swap_False,26.625,16.5,10.125,C,,,,,
fac_ind_015,factual,markdown,Qwen/Qwen2.5-7B-Instruct,two_stage,s2_swap_True,19.5,27.375,-7.875,C,,,,,
fac_ind_015,factual,markdown,Qwen/Qwen2.5-7B-Instruct,single_stage_control,,,,,C,unknown,0.0,5.125,0.03663932626402694,-10.5059653005205
fac_ind_015,factual,markdown,Qwen/Qwen2.5-7B-Instruct,single_stage_control,,,,,C,unknown,2.0,6.0,0.018110724669814296,-10.00254944541005
fac_ind_015,factual,markdown,Qwen/Qwen2.5-7B-Instruct,single_stage_control,,,,,C,unknown,4.0,5.0,0.04060503090900449,-8.256751579928384
fac_ind_015,factual,markdown,Qwen/Qwen2.5-7B-Instruct,single_stage_control,,,,,C,control,0.0,3.875,0.10287902575507499,-7.5209380292116705
fac_ind_015,factual,markdown,Qwen/Qwen2.5-7B-Instruct,single_stage_control,,,,,C,control,2.0,2.625,0.25199129765936534,-7.445480796977769
fac_ind_015,factual,markdown,Qwen/Qwen2.5-7B-Instruct,single_stage_control,,,,,C,control,4.0,2.625,0.24781943131092798,-8.19498730097348
fac_ind_016,factual,plain,Qwen/Qwen2.5-7B-Instruct,two_stage,s2_swap_False,27.0,26.5,0.5,B,,,,,
fac_ind_016,factual,plain,Qwen/Qwen2.5-7B-Instruct,two_stage,s2_swap_True,25.5,32.75,-7.25,B,,,,,
fac_ind_016,factual,plain,Qwen/Qwen2.5-7B-Instruct,single_stage_control,,,,,B,unknown,0.0,11.125,0.000192024482720577,-17.500015596916185
fac_ind_016,factual,plain,Qwen/Qwen2.5-7B-Instruct,single_stage_control,,,,,B,unknown,2.0,13.0,3.8046791697300695e-05,-19.625002653870688
fac_ind_016,factual,plain,Qwen/Qwen2.5-7B-Instruct,single_stage_control,,,,,B,unknown,4.0,12.75,4.453801417015411e-05,-17.500003178588244
fac_ind_016,factual,plain,Qwen/Qwen2.5-7B-Instruct,single_stage_control,,,,,B,control,0.0,7.875,0.0035623402130411574,-14.750394966159458
fac_ind_016,factual,plain,Qwen/Qwen2.5-7B-Instruct,single_stage_control,,,,,B,control,2.0,9.875,0.0006496395371740445,-17.562558072147542
fac_ind_016,factual,plain,Qwen/Qwen2.5-7B-Instruct,single_stage_control,,,,,B,control,4.0,11.125,0.0001918467678768749,-17.2500155769495
fac_ind_016,factual,markdown,Qwen/Qwen2.5-7B-Instruct,two_stage,s2_swap_False,27.75,25.5,2.25,B,,,,,
fac_ind_016,factual,markdown,Qwen/Qwen2.5-7B-Instruct,two_stage,s2_swap_True,25.25,26.625,-1.375,B,,,,,
fac_ind_016,factual,markdown,Qwen/Qwen2.5-7B-Instruct,single_stage_control,,,,,B,unknown,0.0,7.375,0.006209297765230397,-13.750716061294458
fac_ind_016,factual,markdown,Qwen/Qwen2.5-7B-Instruct,single_stage_control,,,,,B,unknown,2.0,8.625,0.0018702590160921202,-15.000190386577493
fac_ind_016,factual,markdown,Qwen/Qwen2.5-7B-Instruct,single_stage_control,,,,,B,unknown,4.0,7.625,0.0044428866335838755,-10.125506928783906
fac_ind_016,factual,markdown,Qwen/Qwen2.5-7B-Instruct,single_stage_control,,,,,B,control,0.0,3.375,0.16536574543573368,-10.036454981491879
fac_ind_016,factual,markdown,Qwen/Qwen2.5-7B-Instruct,single_stage_control,,,,,B,control,2.0,4.75,0.05213394860776878,-12.758900256755297
fac_ind_016,factual,markdown,Qwen/Qwen2.5-7B-Instruct,single_stage_control,,,,,B,control,4.0,5.125,0.03700199316901965,-9.630999486354796
fac_ind_017,factual,plain,Qwen/Qwen2.5-7B-Instruct,two_stage,s2_swap_False,27.0,26.25,0.75,B,,,,,
fac_ind_017,factual,plain,Qwen/Qwen2.5-7B-Instruct,two_stage,s2_swap_True,25.0,33.5,-8.5,B,,,,,
fac_ind_017,factual,plain,Qwen/Qwen2.5-7B-Instruct,single_stage_control,,,,,B,unknown,0.0,12.0,8.911796893363341e-05,-16.625006722515245
fac_ind_017,factual,plain,Qwen/Qwen2.5-7B-Instruct,single_stage_control,,,,,B,unknown,2.0,11.375,0.0001543417407001181,-17.250012270917843
fac_ind_017,factual,plain,Qwen/Qwen2.5-7B-Instruct,single_stage_control,,,,,B,unknown,4.0,11.625,0.000119453097899305,-16.62500934170727
fac_ind_017,factual,plain,Qwen/Qwen2.5-7B-Instruct,single_stage_control,,,,,B,control,0.0,8.125,0.0028410752821698484,-14.375306789310638
fac_ind_017,factual,plain,Qwen/Qwen2.5-7B-Instruct,single_stage_control,,,,,B,control,2.0,6.25,0.01410641837716388,-15.126939023627862
fac_ind_017,factual,plain,Qwen/Qwen2.5-7B-Instruct,single_stage_control,,,,,B,control,4.0,8.625,0.0017481653906931184,-15.250180878877693
fac_ind_017,factual,markdown,Qwen/Qwen2.5-7B-Instruct,two_stage,s2_swap_False,28.25,25.625,2.625,B,,,,,
fac_ind_017,factual,markdown,Qwen/Qwen2.5-7B-Instruct,two_stage,s2_swap_True,24.25,30.375,-6.125,B,,,,,
fac_ind_017,factual,markdown,Qwen/Qwen2.5-7B-Instruct,single_stage_control,,,,,B,unknown,0.0,5.5,0.02743972361512124,-12.379167572579803
fac_ind_017,factual,markdown,Qwen/Qwen2.5-7B-Instruct,single_stage_control,,,,,B,unknown,2.0,6.875,0.00836845260198212,-13.126051814157968
fac_ind_017,factual,markdown,Qwen/Qwen2.5-7B-Instruct,single_stage_control,,,,,B,unknown,4.0,6.625,0.010247160955229744,-11.7513368158242
fac_ind_017,factual,markdown,Qwen/Qwen2.5-7B-Instruct,single_stage_control,,,,,B,control,0.0,1.375,0.5132099436128942,-9.414236784027835
fac_ind_017,factual,markdown,Qwen/Qwen2.5-7B-Instruct,single_stage_control,,,,,B,control,2.0,2.875,0.2126635076086669,-10.805349616661402
fac_ind_017,factual,markdown,Qwen/Qwen2.5-7B-Instruct,single_stage_control,,,,,B,control,4.0,5.5,0.02667640287401151,-11.754095203734405
fac_ind_018,factual,plain,Qwen/Qwen2.5-7B-Instruct,two_stage,s2_swap_False,27.625,16.5,11.125,C,,,,,
fac_ind_018,factual,plain,Qwen/Qwen2.5-7B-Instruct,two_stage,s2_swap_True,22.125,31.0,-8.875,C,,,,,
fac_ind_018,factual,plain,Qwen/Qwen2.5-7B-Instruct,single_stage_control,,,,,C,unknown,0.0,12.75,5.1411693169230104e-05,-17.375003637552282
fac_ind_018,factual,plain,Qwen/Qwen2.5-7B-Instruct,single_stage_control,,,,,C,unknown,2.0,13.5,3.036239449614299e-05,-17.87500204176972
fac_ind_018,factual,plain,Qwen/Qwen2.5-7B-Instruct,single_stage_control,,,,,C,unknown,4.0,13.875,2.223629585154474e-05,-16.75000145043925
fac_ind_018,factual,plain,Qwen/Qwen2.5-7B-Instruct,single_stage_control,,,,,C,control,0.0,11.75,0.00014307573206017915,-15.375010895639491
fac_ind_018,factual,plain,Qwen/Qwen2.5-7B-Instruct,single_stage_control,,,,,C,control,2.0,11.375,0.00026369357157328085,-14.125020989956596
fac_ind_018,factual,plain,Qwen/Qwen2.5-7B-Instruct,single_stage_control,,,,,C,control,4.0,13.375,4.3893098224181035e-05,-15.50000300159978
fac_ind_018,factual,markdown,Qwen/Qwen2.5-7B-Instruct,two_stage,s2_swap_False,26.875,17.5,9.375,C,,,,,
fac_ind_018,factual,markdown,Qwen/Qwen2.5-7B-Instruct,two_stage,s2_swap_True,20.75,24.875,-4.125,C,,,,,
fac_ind_018,factual,markdown,Qwen/Qwen2.5-7B-Instruct,single_stage_control,,,,,C,unknown,0.0,8.0,0.003146745520650267,-14.625345410447082
fac_ind_018,factual,markdown,Qwen/Qwen2.5-7B-Instruct,single_stage_control,,,,,C,unknown,2.0,7.75,0.003954191560244241,-13.000445410990142
fac_ind_018,factual,markdown,Qwen/Qwen2.5-7B-Instruct,single_stage_control,,,,,C,unknown,4.0,7.625,0.004456661313194158,-12.000507935824658
fac_ind_018,factual,markdown,Qwen/Qwen2.5-7B-Instruct,single_stage_control,,,,,C,control,0.0,7.25,0.006073398878794574,-12.750727551178908
fac_ind_018,factual,markdown,Qwen/Qwen2.5-7B-Instruct,single_stage_control,,,,,C,control,2.0,5.875,0.019804272196671836,-10.252852676064553
fac_ind_018,factual,markdown,Qwen/Qwen2.5-7B-Instruct,single_stage_control,,,,,C,control,4.0,6.625,0.010316954811253297,-10.876342779647043
fac_ind_019,factual,plain,Qwen/Qwen2.5-7B-Instruct,two_stage,s2_swap_False,23.75,25.875,-2.125,B,,,,,
fac_ind_019,factual,plain,Qwen/Qwen2.5-7B-Instruct,two_stage,s2_swap_True,27.5,31.625,-4.125,B,,,,,
fac_ind_019,factual,plain,Qwen/Qwen2.5-7B-Instruct,single_stage_control,,,,,B,unknown,0.0,11.75,0.00023012754264465496,-12.875017753792356
fac_ind_019,factual,plain,Qwen/Qwen2.5-7B-Instruct,single_stage_control,,,,,B,unknown,2.0,11.0,0.0004015816765705381,-12.50003247982297
fac_ind_019,factual,plain,Qwen/Qwen2.5-7B-Instruct,single_stage_control,,,,,B,unknown,4.0,11.25,0.00023914488597249968,-10.500018811761528
fac_ind_019,factual,plain,Qwen/Qwen2.5-7B-Instruct,single_stage_control,,,,,B,control,0.0,8.125,0.005306843257256011,-10.25056026619231
fac_ind_019,factual,plain,Qwen/Qwen2.5-7B-Instruct,single_stage_control,,,,,B,control,2.0,8.5,0.004150521797512882,-11.87542290039018
fac_ind_019,factual,plain,Qwen/Qwen2.5-7B-Instruct,single_stage_control,,,,,B,control,4.0,9.375,0.0016851120752015562,-10.25015783964086
fac_ind_019,factual,markdown,Qwen/Qwen2.5-7B-Instruct,two_stage,s2_swap_False,25.25,22.75,2.5,B,,,,,
fac_ind_019,factual,markdown,Qwen/Qwen2.5-7B-Instruct,two_stage,s2_swap_True,25.875,27.375,-1.5,B,,,,,
fac_ind_019,factual,markdown,Qwen/Qwen2.5-7B-Instruct,single_stage_control,,,,,B,unknown,0.0,6.625,0.02128112251279327,-7.877758661025169
fac_ind_019,factual,markdown,Qwen/Qwen2.5-7B-Instruct,single_stage_control,,,,,B,unknown,2.0,5.625,0.03720025108925644,-7.005299405836418
fac_ind_019,factual,markdown,Qwen/Qwen2.5-7B-Instruct,single_stage_control,,,,,B,unknown,4.0,7.25,0.009923622649883253,-5.251155691785652
fac_ind_019,factual,markdown,Qwen/Qwen2.5-7B-Instruct,single_stage_control,,,,,B,control,0.0,2.5,0.39165334482973313,-3.9785058963583353
fac_ind_019,factual,markdown,Qwen/Qwen2.5-7B-Instruct,single_stage_control,,,,,B,control,2.0,3.625,0.15402860058453868,-7.031265209253384
fac_ind_019,factual,markdown,Qwen/Qwen2.5-7B-Instruct,single_stage_control,,,,,B,control,4.0,4.625,0.06997012734420346,-4.761773161022525
fac_ind_020,factual,plain,Qwen/Qwen2.5-7B-Instruct,two_stage,s2_swap_False,26.75,22.875,3.875,B,,,,,
fac_ind_020,factual,plain,Qwen/Qwen2.5-7B-Instruct,two_stage,s2_swap_True,28.625,31.875,-3.25,B,,,,,
fac_ind_020,factual,plain,Qwen/Qwen2.5-7B-Instruct,single_stage_control,,,,,B,unknown,0.0,10.875,0.00027428427216239117,-12.000022428789137
fac_ind_020,factual,plain,Qwen/Qwen2.5-7B-Instruct,single_stage_control,,,,,B,unknown,2.0,11.0,0.00021798632929336228,-13.750017844543123
fac_ind_020,factual,plain,Qwen/Qwen2.5-7B-Instruct,single_stage_control,,,,,B,unknown,4.0,11.25,0.00017670036704829794,-11.125014144628658
fac_ind_020,factual,plain,Qwen/Qwen2.5-7B-Instruct,single_stage_control,,,,,B,control,0.0,9.375,0.0012117136100536464,-10.375112401538626
fac_ind_020,factual,plain,Qwen/Qwen2.5-7B-Instruct,single_stage_control,,,,,B,control,2.0,8.625,0.001839009019667305,-11.250187867126073
fac_ind_020,factual,plain,Qwen/Qwen2.5-7B-Instruct,single_stage_control,,,,,B,control,4.0,8.25,0.0026151975140530355,-8.750277129771362
fac_ind_020,factual,markdown,Qwen/Qwen2.5-7B-Instruct,two_stage,s2_swap_False,28.125,22.375,5.75,B,,,,,
fac_ind_020,factual,markdown,Qwen/Qwen2.5-7B-Instruct,two_stage,s2_swap_True,25.875,28.5,-2.625,B,,,,,
fac_ind_020,factual,markdown,Qwen/Qwen2.5-7B-Instruct,single_stage_control,,,,,B,unknown,0.0,6.875,0.009120424428272773,-9.12612642099971
fac_ind_020,factual,markdown,Qwen/Qwen2.5-7B-Instruct,single_stage_control,,,,,B,unknown,2.0,6.75,0.009868191644932049,-9.62624314046434
fac_ind_020,factual,markdown,Qwen/Qwen2.5-7B-Instruct,single_stage_control,,,,,B,unknown,4.0,7.0,0.009155879864579707,-6.001102313300269
fac_ind_020,factual,markdown,Qwen/Qwen2.5-7B-Instruct,single_stage_control,,,,,B,control,0.0,2.5,0.3362577310695877,-4.966524861323997
fac_ind_020,factual,markdown,Qwen/Qwen2.5-7B-Instruct,single_stage_control,,,,,B,control,2.0,5.0,0.04460194970362044,-8.007208700817475
fac_ind_020,factual,markdown,Qwen/Qwen2.5-7B-Instruct,single_stage_control,,,,,B,control,4.0,5.0,0.0479425567595895,-4.882671770394737
fac_ind_021,factual,plain,Qwen/Qwen2.5-7B-Instruct,two_stage,s2_swap_False,25.625,16.0,9.625,C,,,,,
fac_ind_021,factual,plain,Qwen/Qwen2.5-7B-Instruct,two_stage,s2_swap_True,18.75,24.5,-5.75,C,,,,,
fac_ind_021,factual,plain,Qwen/Qwen2.5-7B-Instruct,single_stage_control,,,,,C,unknown,0.0,7.625,0.00426022293712537,-15.000491708184367
fac_ind_021,factual,plain,Qwen/Qwen2.5-7B-Instruct,single_stage_control,,,,,C,unknown,2.0,9.125,0.0011613975497466733,-14.562613133375397
fac_ind_021,factual,plain,Qwen/Qwen2.5-7B-Instruct,single_stage_control,,,,,C,unknown,4.0,8.875,0.0014183134382752267,-8.875142412313714
fac_ind_021,factual,plain,Qwen/Qwen2.5-7B-Instruct,single_stage_control,,,,,C,control,0.0,4.375,0.0671106945410733,-12.012526450045304
fac_ind_021,factual,plain,Qwen/Qwen2.5-7B-Instruct,single_stage_control,,,,,C,control,2.0,5.75,0.02187966844585941,-11.628216641883036
fac_ind_021,factual,plain,Qwen/Qwen2.5-7B-Instruct,single_stage_control,,,,,C,control,4.0,6.625,0.010154579527084904,-9.62632944456173
fac_ind_021,factual,markdown,Qwen/Qwen2.5-7B-Instruct,two_stage,s2_swap_False,27.0,16.75,10.25,C,,,,,
fac_ind_021,factual,markdown,Qwen/Qwen2.5-7B-Instruct,two_stage,s2_swap_True,17.75,22.125,-4.375,C,,,,,
fac_ind_021,factual,markdown,Qwen/Qwen2.5-7B-Instruct,single_stage_control,,,,,C,unknown,0.0,4.25,0.07517644546619356,-10.88928216893202
fac_ind_021,factual,markdown,Qwen/Qwen2.5-7B-Instruct,single_stage_control,,,,,C,unknown,2.0,4.0,0.09140158765874645,-10.268274944733932
fac_ind_021,factual,markdown,Qwen/Qwen2.5-7B-Instruct,single_stage_control,,,,,C,unknown,4.0,2.375,0.2921551898924077,-7.089044597737843
fac_ind_021,factual,markdown,Qwen/Qwen2.5-7B-Instruct,single_stage_control,,,,,C,control,0.0,2.375,0.29416376971621283,-8.214270540486353
fac_ind_021,factual,markdown,Qwen/Qwen2.5-7B-Instruct,single_stage_control,,,,,C,control,2.0,1.625,0.4518885064911889,-7.680296990084784
fac_ind_021,factual,markdown,Qwen/Qwen2.5-7B-Instruct,single_stage_control,,,,,C,control,4.0,1.25,0.5312889804312452,-6.877024261924298
fac_ind_022,factual,plain,Qwen/Qwen2.5-7B-Instruct,two_stage,s2_swap_False,32.0,17.625,14.375,A,,,,,
fac_ind_022,factual,plain,Qwen/Qwen2.5-7B-Instruct,two_stage,s2_swap_True,22.0,34.25,-12.25,A,,,,,
fac_ind_022,factual,plain,Qwen/Qwen2.5-7B-Instruct,single_stage_control,,,,,A,unknown,0.0,11.0,0.0003465274440106172,-8.500027886467961
fac_ind_022,factual,plain,Qwen/Qwen2.5-7B-Instruct,single_stage_control,,,,,A,unknown,2.0,8.625,0.0021696525213790027,-14.6252168448218
fac_ind_022,factual,plain,Qwen/Qwen2.5-7B-Instruct,single_stage_control,,,,,A,unknown,4.0,10.25,0.0006109557182589411,-12.000052257283677
fac_ind_022,factual,plain,Qwen/Qwen2.5-7B-Instruct,single_stage_control,,,,,A,control,0.0,10.0,0.0009671136478967799,-10.50008553893241
fac_ind_022,factual,plain,Qwen/Qwen2.5-7B-Instruct,single_stage_control,,,,,A,control,2.0,8.625,0.002569599547939474,-13.750255273311861
fac_ind_022,factual,plain,Qwen/Qwen2.5-7B-Instruct,single_stage_control,,,,,A,control,4.0,8.125,0.003804692572087309,-11.6253997085776
fac_ind_022,factual,markdown,Qwen/Qwen2.5-7B-Instruct,two_stage,s2_swap_False,31.0,18.875,12.125,A,,,,,
fac_ind_022,factual,markdown,Qwen/Qwen2.5-7B-Instruct,two_stage,s2_swap_True,22.5,31.5,-9.0,A,,,,,
fac_ind_022,factual,markdown,Qwen/Qwen2.5-7B-Instruct,single_stage_control,,,,,A,unknown,0.0,6.75,0.0179151608193946,-6.8772140637883865
fac_ind_022,factual,markdown,Qwen/Qwen2.5-7B-Instruct,single_stage_control,,,,,A,unknown,2.0,5.375,0.06019219827972455,-8.758965589689257
fac_ind_022,factual,markdown,Qwen/Qwen2.5-7B-Instruct,single_stage_control,,,,,A,unknown,4.0,5.75,0.046682082390435364,-4.381672519756272
fac_ind_022,factual,markdown,Qwen/Qwen2.5-7B-Instruct,single_stage_control,,,,,A,control,0.0,4.5,0.12284897813390289,-5.1463239057921335
fac_ind_022,factual,markdown,Qwen/Qwen2.5-7B-Instruct,single_stage_control,,,,,A,control,2.0,5.125,0.08345242012728818,-8.513129203168997
fac_ind_022,factual,markdown,Qwen/Qwen2.5-7B-Instruct,single_stage_control,,,,,A,control,4.0,4.875,0.10120367706020038,-5.391625125922413
fac_ind_023,factual,plain,Qwen/Qwen2.5-7B-Instruct,two_stage,s2_swap_False,27.875,26.875,1.0,B,,,,,
fac_ind_023,factual,plain,Qwen/Qwen2.5-7B-Instruct,two_stage,s2_swap_True,24.875,34.75,-9.875,B,,,,,
fac_ind_023,factual,plain,Qwen/Qwen2.5-7B-Instruct,single_stage_control,,,,,B,unknown,0.0,14.5,1.3295122801546347e-05,-17.375000834384473
fac_ind_023,factual,plain,Qwen/Qwen2.5-7B-Instruct,single_stage_control,,,,,B,unknown,2.0,14.5,1.130913222743799e-05,-19.18750070921069
fac_ind_023,factual,plain,Qwen/Qwen2.5-7B-Instruct,single_stage_control,,,,,B,unknown,4.0,14.875,1.037282033610586e-05,-14.875000637889308
fac_ind_023,factual,plain,Qwen/Qwen2.5-7B-Instruct,single_stage_control,,,,,B,control,0.0,11.375,0.00029971459006634433,-14.50002370715498
fac_ind_023,factual,plain,Qwen/Qwen2.5-7B-Instruct,single_stage_control,,,,,B,control,2.0,12.875,7.636705467306082e-05,-17.31250538932457
fac_ind_023,factual,plain,Qwen/Qwen2.5-7B-Instruct,single_stage_control,,,,,B,control,4.0,13.625,3.63495396563255e-05,-13.250002434179258
fac_ind_023,factual,markdown,Qwen/Qwen2.5-7B-Instruct,two_stage,s2_swap_False,29.125,26.625,2.5,B,,,,,
fac_ind_023,factual,markdown,Qwen/Qwen2.5-7B-Instruct,two_stage,s2_swap_True,24.125,32.5,-8.375,B,,,,,
fac_ind_023,factual,markdown,Qwen/Qwen2.5-7B-Instruct,single_stage_control,,,,,B,unknown,0.0,10.25,0.0006576607583714689,-14.250056252541128
fac_ind_023,factual,markdown,Qwen/Qwen2.5-7B-Instruct,single_stage_control,,,,,B,unknown,2.0,11.25,0.0003003687800861766,-15.125023941520979
fac_ind_023,factual,markdown,Qwen/Qwen2.5-7B-Instruct,single_stage_control,,,,,B,unknown,4.0,9.875,0.0007813334210756352,-9.00006906558734
fac_ind_023,factual,markdown,Qwen/Qwen2.5-7B-Instruct,single_stage_control,,,,,B,control,0.0,8.0,0.005530282608088606,-11.125589700755544
fac_ind_023,factual,markdown,Qwen/Qwen2.5-7B-Instruct,single_stage_control,,,,,B,control,2.0,8.875,0.0027995672236858817,-13.500276248687616
fac_ind_023,factual,markdown,Qwen/Qwen2.5-7B-Instruct,single_stage_control,,,,,B,control,4.0,8.75,0.002058869394394759,-7.250202650972657
fac_ind_024,factual,plain,Qwen/Qwen2.5-7B-Instruct,two_stage,s2_swap_False,24.125,15.625,8.5,C,,,,,
fac_ind_024,factual,plain,Qwen/Qwen2.5-7B-Instruct,two_stage,s2_swap_True,20.125,27.375,-7.25,C,,,,,
fac_ind_024,factual,plain,Qwen/Qwen2.5-7B-Instruct,single_stage_control,,,,,C,unknown,0.0,9.5,0.0013320994884471003,-13.000122798912013
fac_ind_024,factual,plain,Qwen/Qwen2.5-7B-Instruct,single_stage_control,,,,,C,unknown,2.0,10.375,0.0007981715558279658,-12.625068867056541
fac_ind_024,factual,plain,Qwen/Qwen2.5-7B-Instruct,single_stage_control,,,,,C,unknown,4.0,9.625,0.0015070268825796871,-6.375139080698805
fac_ind_024,factual,plain,Qwen/Qwen2.5-7B-Instruct,single_stage_control,,,,,C,control,0.0,8.375,0.003171203412282421,-11.500324284617953
fac_ind_024,factual,plain,Qwen/Qwen2.5-7B-Instruct,single_stage_control,,,,,C,control,2.0,6.125,0.02065100077787018,-10.315241034336218
fac_ind_024,factual,plain,Qwen/Qwen2.5-7B-Instruct,single_stage_control,,,,,C,control,4.0,7.875,0.005050867027400036,-7.125543456360187
fac_ind_024,factual,markdown,Qwen/Qwen2.5-7B-Instruct,two_stage,s2_swap_False,26.25,16.0,10.25,C,,,,,
fac_ind_024,factual,markdown,Qwen/Qwen2.5-7B-Instruct,two_stage,s2_swap_True,17.0,22.75,-5.75,C,,,,,
fac_ind_024,factual,markdown,Qwen/Qwen2.5-7B-Instruct,single_stage_control,,,,,C,unknown,0.0,6.25,0.015482366664745582,-11.252076008374214
fac_ind_024,factual,markdown,Qwen/Qwen2.5-7B-Instruct,single_stage_control,,,,,C,unknown,2.0,6.375,0.014084438865752079,-10.18934946499282
fac_ind_024,factual,markdown,Qwen/Qwen2.5-7B-Instruct,single_stage_control,,,,,C,unknown,4.0,4.25,0.07819305515261502,-7.514621543174123
fac_ind_024,factual,markdown,Qwen/Qwen2.5-7B-Instruct,single_stage_control,,,,,C,control,0.0,2.75,0.24981455131849228,-8.190104610028982
fac_ind_024,factual,markdown,Qwen/Qwen2.5-7B-Instruct,single_stage_control,,,,,C,control,2.0,1.5,0.5037276871304892,-7.518226923775355
fac_ind_024,factual,markdown,Qwen/Qwen2.5-7B-Instruct,single_stage_control,,,,,C,control,4.0,1.625,0.4576980643827649,-6.68109891930942
fac_ind_025,factual,plain,Qwen/Qwen2.5-7B-Instruct,two_stage,s2_swap_False,24.0,14.375,9.625,C,,,,,
fac_ind_025,factual,plain,Qwen/Qwen2.5-7B-Instruct,two_stage,s2_swap_True,19.5,28.75,-9.25,C,,,,,
fac_ind_025,factual,plain,Qwen/Qwen2.5-7B-Instruct,single_stage_control,,,,,C,unknown,0.0,9.125,0.0012673920058169652,-13.875122255226778
fac_ind_025,factual,plain,Qwen/Qwen2.5-7B-Instruct,single_stage_control,,,,,C,unknown,2.0,9.625,0.0008371980768985491,-13.000076755156648
fac_ind_025,factual,plain,Qwen/Qwen2.5-7B-Instruct,single_stage_control,,,,,C,unknown,4.0,10.5,0.0003976952048255833,-10.250033605728259
fac_ind_025,factual,plain,Qwen/Qwen2.5-7B-Instruct,single_stage_control,,,,,C,control,0.0,6.25,0.014496645802100956,-11.751975895431972
fac_ind_025,factual,plain,Qwen/Qwen2.5-7B-Instruct,single_stage_control,,,,,C,control,2.0,6.875,0.009261615847564577,-10.126143812335101
fac_ind_025,factual,plain,Qwen/Qwen2.5-7B-Instruct,single_stage_control,,,,,C,control,4.0,6.875,0.008243771446958991,-11.37604158656928
fac_ind_025,factual,markdown,Qwen/Qwen2.5-7B-Instruct,two_stage,s2_swap_False,27.0,16.5,10.5,C,,,,,
fac_ind_025,factual,markdown,Qwen/Qwen2.5-7B-Instruct,two_stage,s2_swap_True,19.5,27.125,-7.625,C,,,,,
fac_ind_025,factual,markdown,Qwen/Qwen2.5-7B-Instruct,single_stage_control,,,,,C,unknown,0.0,5.375,0.029811480780364403,-10.754656787507983
fac_ind_025,factual,markdown,Qwen/Qwen2.5-7B-Instruct,single_stage_control,,,,,C,unknown,2.0,6.5,0.011889085835225638,-10.376559090288389
fac_ind_025,factual,markdown,Qwen/Qwen2.5-7B-Instruct,single_stage_control,,,,,C,unknown,4.0,5.5,0.026844994187788886,-8.379110501894406
fac_ind_025,factual,markdown,Qwen/Qwen2.5-7B-Instruct,single_stage_control,,,,,C,control,0.0,4.25,0.07679946134220302,-7.764473949336285
fac_ind_025,factual,markdown,Qwen/Qwen2.5-7B-Instruct,single_stage_control,,,,,C,control,2.0,3.0,0.19513342348159893,-7.424068851749894
fac_ind_025,factual,markdown,Qwen/Qwen2.5-7B-Instruct,single_stage_control,,,,,C,control,4.0,2.875,0.2089370561300004,-8.429927960067335
fac_ind_026,factual,plain,Qwen/Qwen2.5-7B-Instruct,two_stage,s2_swap_False,27.25,26.75,0.5,B,,,,,
fac_ind_026,factual,plain,Qwen/Qwen2.5-7B-Instruct,two_stage,s2_swap_True,25.875,33.0,-7.125,B,,,,,
fac_ind_026,factual,plain,Qwen/Qwen2.5-7B-Instruct,single_stage_control,,,,,B,unknown,0.0,10.875,0.0002397022210372055,-17.375019897366947
fac_ind_026,factual,plain,Qwen/Qwen2.5-7B-Instruct,single_stage_control,,,,,B,unknown,2.0,13.125,3.403644712613578e-05,-19.625002352331265
fac_ind_026,factual,plain,Qwen/Qwen2.5-7B-Instruct,single_stage_control,,,,,B,unknown,4.0,12.875,3.9386386004418965e-05,-17.500002788115886
fac_ind_026,factual,plain,Qwen/Qwen2.5-7B-Instruct,single_stage_control,,,,,B,control,0.0,7.875,0.0035416702302478275,-14.625393214266506
fac_ind_026,factual,plain,Qwen/Qwen2.5-7B-Instruct,single_stage_control,,,,,B,control,2.0,9.875,0.0006496395371740445,-17.500058072147542
fac_ind_026,factual,plain,Qwen/Qwen2.5-7B-Instruct,single_stage_control,,,,,B,control,4.0,11.25,0.00017410491161776704,-17.062513956633175
fac_ind_026,factual,markdown,Qwen/Qwen2.5-7B-Instruct,two_stage,s2_swap_False,27.5,25.75,1.75,B,,,,,
fac_ind_026,factual,markdown,Qwen/Qwen2.5-7B-Instruct,two_stage,s2_swap_True,25.25,27.125,-1.875,B,,,,,
fac_ind_026,factual,markdown,Qwen/Qwen2.5-7B-Instruct,single_stage_control,,,,,B,unknown,0.0,7.125,0.007768839739994706,-13.625921865022342
fac_ind_026,factual,markdown,Qwen/Qwen2.5-7B-Instruct,single_stage_control,,,,,B,unknown,2.0,8.75,0.0016957618171107257,-14.875170013332752
fac_ind_026,factual,markdown,Qwen/Qwen2.5-7B-Instruct,single_stage_control,,,,,B,unknown,4.0,7.5,0.005030319035442378,-10.25058050546491
fac_ind_026,factual,markdown,Qwen/Qwen2.5-7B-Instruct,single_stage_control,,,,,B,control,0.0,3.5,0.15524684538399486,-9.845508439557182
fac_ind_026,factual,markdown,Qwen/Qwen2.5-7B-Instruct,single_stage_control,,,,,B,control,2.0,4.5,0.06435921969039303,-12.51146250483502
fac_ind_026,factual,markdown,Qwen/Qwen2.5-7B-Instruct,single_stage_control,,,,,B,control,4.0,5.25,0.03361808874927184,-10.005324869614352
fac_ind_027,factual,plain,Qwen/Qwen2.5-7B-Instruct,two_stage,s2_swap_False,26.875,26.875,0.0,B,,,,,
fac_ind_027,factual,plain,Qwen/Qwen2.5-7B-Instruct,two_stage,s2_swap_True,24.875,33.25,-8.375,B,,,,,
fac_ind_027,factual,plain,Qwen/Qwen2.5-7B-Instruct,single_stage_control,,,,,B,unknown,0.0,12.375,6.41310299685432e-05,-16.875004696992043
fac_ind_027,factual,plain,Qwen/Qwen2.5-7B-Instruct,single_stage_control,,,,,B,unknown,2.0,11.625,0.00012379824132094478,-17.250009638749603
fac_ind_027,factual,plain,Qwen/Qwen2.5-7B-Instruct,single_stage_control,,,,,B,unknown,4.0,11.5,0.00013369602815524643,-16.25001056373337
fac_ind_027,factual,plain,Qwen/Qwen2.5-7B-Instruct,single_stage_control,,,,,B,control,0.0,8.625,0.001860161582781426,-14.500189691867021
fac_ind_027,factual,plain,Qwen/Qwen2.5-7B-Instruct,single_stage_control,,,,,B,control,2.0,6.625,0.010252274008874443,-15.126337386795491
fac_ind_027,factual,plain,Qwen/Qwen2.5-7B-Instruct,single_stage_control,,,,,B,control,4.0,8.5,0.0019572138365270843,-14.750205102286493
fac_ind_027,factual,markdown,Qwen/Qwen2.5-7B-Instruct,two_stage,s2_swap_False,28.125,25.625,2.5,B,,,,,
fac_ind_027,factual,markdown,Qwen/Qwen2.5-7B-Instruct,two_stage,s2_swap_True,24.375,30.375,-6.0,B,,,,,
fac_ind_027,factual,markdown,Qwen/Qwen2.5-7B-Instruct,single_stage_control,,,,,B,unknown,0.0,5.25,0.03400792291494223,-12.130363328172187
fac_ind_027,factual,markdown,Qwen/Qwen2.5-7B-Instruct,single_stage_control,,,,,B,unknown,2.0,7.125,0.006772702409581992,-13.250823463740598
fac_ind_027,factual,markdown,Qwen/Qwen2.5-7B-Instruct,single_stage_control,,,,,B,unknown,4.0,6.625,0.010254909113056538,-11.751337452103819
fac_ind_027,factual,markdown,Qwen/Qwen2.5-7B-Instruct,single_stage_control,,,,,B,control,0.0,1.0,0.5958727698293113,-9.190114473272647
fac_ind_027,factual,markdown,Qwen/Qwen2.5-7B-Instruct,single_stage_control,,,,,B,control,2.0,2.625,0.2530647263081815,-10.383106087556246
fac_ind_027,factual,markdown,Qwen/Qwen2.5-7B-Instruct,single_stage_control,,,,,B,control,4.0,5.25,0.032921441694601074,-11.630256635848141
fac_ind_028,factual,plain,Qwen/Qwen2.5-7B-Instruct,two_stage,s2_swap_False,27.5,16.5,11.0,C,,,,,
fac_ind_028,factual,plain,Qwen/Qwen2.5-7B-Instruct,two_stage,s2_swap_True,21.875,30.375,-8.5,C,,,,,
fac_ind_028,factual,plain,Qwen/Qwen2.5-7B-Instruct,single_stage_control,,,,,C,unknown,0.0,12.75,5.250068806295098e-05,-17.250003713646443
fac_ind_028,factual,plain,Qwen/Qwen2.5-7B-Instruct,single_stage_control,,,,,C,unknown,2.0,13.375,3.390403974642237e-05,-17.81250230040468
fac_ind_028,factual,plain,Qwen/Qwen2.5-7B-Instruct,single_stage_control,,,,,C,unknown,4.0,14.0,1.9883377237907862e-05,-16.87500128702488
fac_ind_028,factual,plain,Qwen/Qwen2.5-7B-Instruct,single_stage_control,,,,,C,control,0.0,11.75,0.00014230767550409463,-15.375010843341165
fac_ind_028,factual,plain,Qwen/Qwen2.5-7B-Instruct,single_stage_control,,,,,C,control,2.0,11.5,0.00023502426935754345,-14.375018523594527
fac_ind_028,factual,plain,Qwen/Qwen2.5-7B-Instruct,single_stage_control,,,,,C,control,4.0,13.25,4.664645094838107e-05,-15.375003208445278
fac_ind_028,factual,markdown,Qwen/Qwen2.5-7B-Instruct,two_stage,s2_swap_False,26.875,17.5,9.375,C,,,,,
fac_ind_028,factual,markdown,Qwen/Qwen2.5-7B-Instruct,two_stage,s2_swap_True,20.125,24.75,-4.625,C,,,,,
fac_ind_028,factual,markdown,Qwen/Qwen2.5-7B-Instruct,single_stage_control,,,,,C,unknown,0.0,7.75,0.003927095825794779,-14.500443333021003
fac_ind_028,factual,markdown,Qwen/Qwen2.5-7B-Instruct,single_stage_control,,,,,C,unknown,2.0,7.625,0.00440009074295222,-13.125503174183223
fac_ind_028,factual,markdown,Qwen/Qwen2.5-7B-Instruct,single_stage_control,,,,,C,unknown,4.0,7.5,0.004947521181058486,-11.875572889839798
fac_ind_028,factual,markdown,Qwen/Qwen2.5-7B-Instruct,single_stage_control,,,,,C,control,0.0,7.625,0.004385330760408656,-13.000502009404375
fac_ind_028,factual,markdown,Qwen/Qwen2.5-7B-Instruct,single_stage_control,,,,,C,control,2.0,5.75,0.02208970670448395,-10.253237917714983
fac_ind_028,factual,markdown,Qwen/Qwen2.5-7B-Instruct,single_stage_control,,,,,C,control,4.0,6.625,0.010309206730793552,-11.126342143370817
fac_ind_029,factual,plain,Qwen/Qwen2.5-7B-Instruct,two_stage,s2_swap_False,23.75,25.875,-2.125,B,,,,,
fac_ind_029,factual,plain,Qwen/Qwen2.5-7B-Instruct,two_stage,s2_swap_True,27.75,31.5,-3.75,B,,,,,
fac_ind_029,factual,plain,Qwen/Qwen2.5-7B-Instruct,single_stage_control,,,,,B,unknown,0.0,11.875,0.0002191787059644509,-12.625016826788283
fac_ind_029,factual,plain,Qwen/Qwen2.5-7B-Instruct,single_stage_control,,,,,B,unknown,2.0,10.875,0.0005261052741594048,-12.125043410761698
fac_ind_029,factual,plain,Qwen/Qwen2.5-7B-Instruct,single_stage_control,,,,,B,unknown,4.0,11.0,0.0003202919467999218,-10.12502570933897
fac_ind_029,factual,plain,Qwen/Qwen2.5-7B-Instruct,single_stage_control,,,,,B,control,0.0,8.125,0.0057337514710011014,-9.875608236855378
fac_ind_029,factual,plain,Qwen/Qwen2.5-7B-Instruct,single_stage_control,,,,,B,control,2.0,8.5,0.003914160174815804,-12.00039711651291
fac_ind_029,factual,plain,Qwen/Qwen2.5-7B-Instruct,single_stage_control,,,,,B,control,4.0,9.125,0.0021707086737183315,-9.750208039789225
fac_ind_029,factual,markdown,Qwen/Qwen2.5-7B-Instruct,two_stage,s2_swap_False,25.125,22.875,2.25,B,,,,,
fac_ind_029,factual,markdown,Qwen/Qwen2.5-7B-Instruct,two_stage,s2_swap_True,26.125,27.5,-1.375,B,,,,,
fac_ind_029,factual,markdown,Qwen/Qwen2.5-7B-Instruct,single_stage_control,,,,,B,unknown,0.0,6.875,0.01761892722456789,-7.752204006298644
fac_ind_029,factual,markdown,Qwen/Qwen2.5-7B-Instruct,single_stage_control,,,,,B,unknown,2.0,5.5,0.04181390363879273,-6.881059907490176
fac_ind_029,factual,markdown,Qwen/Qwen2.5-7B-Instruct,single_stage_control,,,,,B,unknown,4.0,7.0,0.013625497279974343,-4.751646161765798
fac_ind_029,factual,markdown,Qwen/Qwen2.5-7B-Instruct,single_stage_control,,,,,B,control,0.0,2.125,0.5257675859292725,-3.2802466423932017
fac_ind_029,factual,markdown,Qwen/Qwen2.5-7B-Instruct,single_stage_control,,,,,B,control,2.0,3.375,0.18367273336161938,-6.914446979751485
fac_ind_029,factual,markdown,Qwen/Qwen2.5-7B-Instruct,single_stage_control,,,,,B,control,4.0,4.125,0.10611121559790188,-4.394491268212828
fac_ind_030,factual,plain,Qwen/Qwen2.5-7B-Instruct,two_stage,s2_swap_False,26.75,22.875,3.875,B,,,,,
fac_ind_030,factual,plain,Qwen/Qwen2.5-7B-Instruct,two_stage,s2_swap_True,28.375,31.875,-3.5,B,,,,,
fac_ind_030,factual,plain,Qwen/Qwen2.5-7B-Instruct,single_stage_control,,,,,B,unknown,0.0,10.75,0.0003032587744788671,-12.000025074086743
fac_ind_030,factual,plain,Qwen/Qwen2.5-7B-Instruct,single_stage_control,,,,,B,unknown,2.0,11.0,0.00021907529712200013,-13.750017920636203
fac_ind_030,factual,plain,Qwen/Qwen2.5-7B-Instruct,single_stage_control,,,,,B,unknown,4.0,11.125,0.00019822444002571242,-11.250016027948988
fac_ind_030,factual,plain,Qwen/Qwen2.5-7B-Instruct,single_stage_control,,,,,B,control,0.0,9.0,0.0017016266005511935,-10.125163539092046
fac_ind_030,factual,plain,Qwen/Qwen2.5-7B-Instruct,single_stage_control,,,,,B,control,2.0,8.75,0.001655805577943104,-11.375166771986674
fac_ind_030,factual,plain,Qwen/Qwen2.5-7B-Instruct,single_stage_control,,,,,B,control,4.0,8.25,0.002634561459854754,-8.625278861191529
fac_ind_030,factual,markdown,Qwen/Qwen2.5-7B-Instruct,two_stage,s2_swap_False,27.75,22.25,5.5,B,,,,,
fac_ind_030,factual,markdown,Qwen/Qwen2.5-7B-Instruct,two_stage,s2_swap_True,25.875,28.625,-2.75,B,,,,,
fac_ind_030,factual,markdown,Qwen/Qwen2.5-7B-Instruct,single_stage_control,,,,,B,unknown,0.0,6.875,0.009120424428272773,-9.25112642099971
fac_ind_030,factual,markdown,Qwen/Qwen2.5-7B-Instruct,single_stage_control,,,,,B,unknown,2.0,6.5,0.012138377326283081,-9.62658298132391
fac_ind_030,factual,markdown,Qwen/Qwen2.5-7B-Instruct,single_stage_control,,,,,B,unknown,4.0,6.75,0.01113484279762937,-5.7513848675178565
fac_ind_030,factual,markdown,Qwen/Qwen2.5-7B-Instruct,single_stage_control,,,,,B,control,0.0,2.375,0.3800360082867872,-4.856909525884923
fac_ind_030,factual,markdown,Qwen/Qwen2.5-7B-Instruct,single_stage_control,,,,,B,control,2.0,4.875,0.04904490252332523,-8.133107731923126
fac_ind_030,factual,markdown,Qwen/Qwen2.5-7B-Instruct,single_stage_control,,,,,B,control,4.0,4.875,0.056357305812162736,-4.509162485851977
